Date,Open,High,Low,Close,Adj Close,Volume,Tweets,Marketcap,Proportion Traded
2019-08-21,10764.57227,10798.72949,9962.72168,10138.04981,10138.04981,19473084768.0,18179,182817850000.0,0.10651632123381118
2019-08-22,10142.52148,10232.99609,9831.462891,10131.05566,10131.05566,17097508856.0,17858,179956650000.0,0.09500904382626142
2019-08-23,10136.30957,10442.44336,10078.19238,10407.96484,10407.96484,15627023886.0,17668,183682550000.0,0.08507625836343452
2019-08-24,10407.64453,10418.02051,9982.296875,10159.96094,10159.96094,15451030650.0,14618,181747910000.0,0.0850135265287993
2019-08-25,10160.73731,10304.62207,10008.78906,10138.51758,10138.51758,14153856610.0,14278,180824460000.0,0.07827401684437417
2019-08-26,10126.29981,10512.32813,10126.29981,10370.82031,10370.82031,18438654080.0,16826,185240700000.0,0.09953889286470824
2019-08-27,10372.82617,10381.32813,10087.30078,10185.5,10185.5,14762609503.0,20448,182417800000.0,0.08092746105145554
2019-08-28,10203.42676,10279.36621,9716.65625,9754.422852,9754.422852,17603790323.0,19033,180551880000.0,0.0974999022647655
2019-08-29,9756.786133,9756.786133,9421.629883,9510.200195,9510.200195,17045878501.0,17137,170685200000.0,0.09986734794887084
2019-08-30,9514.844727,9656.124023,9428.302734,9598.173828,9598.173828,13595263986.0,16339,171107190000.0,0.07945466281358891
2019-08-31,9597.539063,9673.220703,9531.799805,9630.664063,9630.664063,11454806419.0,13453,172070440000.0,0.06657045003060916
2019-09-01,9630.592773,9796.755859,9582.944336,9757.970703,9757.970703,11445355859.0,14620,172587380000.0,0.06631629461296454
2019-09-02,9757.473633,10396.5918,9730.650391,10346.76074,10346.76074,17248102294.0,17337,177946150000.0,0.09692877538576186
2019-09-03,10345.72559,10736.10449,10308.54785,10623.54004,10623.54004,19384917989.0,20903,188404500000.0,0.10288988930907354
2019-09-04,10621.18066,10762.64453,10434.70996,10594.49316,10594.49316,16742664769.0,18177,189304100000.0,0.0884432256669572
2019-09-05,10588.18359,10627.26953,10516.41797,10575.5332,10575.5332,14551239508.0,16187,189476060000.0,0.07679724508242393
2019-09-06,10578.19824,10898.76172,10292.29981,10353.30273,10353.30273,19536574783.0,18376,190929390000.0,0.10232356075071748
2019-09-07,10353.93164,10558.67383,10348.91895,10517.25488,10517.25488,15307366476.0,14526,186851480000.0,0.08192264170589648
2019-09-08,10518.11426,10595.6377,10409.09082,10441.27637,10441.27637,13670567493.0,14593,187618180000.0,0.07286376731398088
2019-09-09,10443.22852,10450.31152,10144.92969,10334.97461,10334.97461,17595943368.0,17004,184983080000.0,0.09512190880540158
2019-09-10,10336.4082,10394.35352,10020.57324,10115.97559,10115.97559,14906809639.0,18300,183631660000.0,0.08117777576877731
2019-09-11,10123.03516,10215.94824,9980.776367,10178.37207,10178.37207,15428063426.0,17080,180766080000.0,0.08534822096381922
2019-09-12,10176.81934,10442.25391,10099.24219,10410.12695,10410.12695,15323563925.0,16904,183570060000.0,0.08347529182238438
2019-09-13,10415.36231,10441.48926,10226.59668,10360.54688,10360.54688,14109864675.0,15885,185217450000.0,0.07617999641080729
2019-09-14,10345.40332,10422.13379,10291.69434,10358.04883,10358.04883,13468713124.0,13360,185660640000.0,0.07254479639995934
2019-09-15,10356.46582,10387.03516,10313.09277,10347.71289,10347.71289,12043433567.0,13380,185366410000.0,0.06497095861011812
2019-09-16,10347.22266,10386.86719,10189.74414,10276.79395,10276.79395,15160167779.0,16491,184548980000.0,0.08214712186598058
2019-09-17,10281.51367,10296.77148,10199.73926,10241.27246,10241.27246,15304603363.0,17082,183679320000.0,0.0833224086286217
2019-09-18,10247.7959,10275.92871,10191.46973,10198.24805,10198.24805,16169268880.0,18477,183220450000.0,0.0882503485940943
2019-09-19,10200.49609,10295.66895,9851.692383,10266.41504,10266.41504,19937691247.0,18387,179586920000.0,0.11101972650639792
2019-09-20,10266.31836,10285.87207,10132.18652,10181.6416,10181.6416,14734189639.0,16907,182922970000.0,0.08054860312217939
2019-09-21,10183.64844,10188.09766,10000.70801,10019.7168,10019.7168,13425266806.0,13899,180542360000.0,0.07436075938967705
2019-09-22,10024.11523,10074.44434,9922.533203,10070.39258,10070.39258,13199651698.0,14650,179609700000.0,0.07349075146075248
2019-09-23,10067.96289,10074.23828,9727.143555,9729.324219,9729.324219,15144925408.0,18065,177900720000.0,0.08513133474558808
2019-09-24,9729.321289,9804.317383,8370.801758,8620.566406,8620.566406,25002886689.0,21250,170022290000.0,0.14705652285978185
2019-09-25,8603.428711,8744.828125,8325.396484,8486.993164,8486.993164,21744728353.0,21772,152003920000.0,0.14305373421495235
2019-09-26,8487.669922,8515.685547,7895.629395,8118.967773,8118.967773,19258205289.0,19619,148341720000.0,0.12982325817464113
2019-09-27,8113.101074,8271.520508,7965.922852,8251.845703,8251.845703,16408941156.0,19119,144651220000.0,0.11343797038938606
2019-09-28,8251.273438,8285.617188,8125.431641,8245.915039,8245.915039,14141152736.0,15414,146773560000.0,0.09634673302975147
2019-09-29,8246.037109,8261.707031,7990.49707,8104.185547,8104.185547,13034629109.0,14229,145371870000.0,0.08966403758101177
2019-09-30,8104.226563,8314.231445,7830.758789,8293.868164,8293.868164,17115474183.0,17758,145182180000.0,0.1178896353686233
2019-10-01,8299.720703,8497.692383,8232.679688,8343.276367,8343.276367,15305343413.0,17754,150300800000.0,0.10183141473747241
2019-10-02,8344.212891,8393.041992,8227.695313,8393.041992,8393.041992,13125712443.0,15544,148530990000.0,0.0883701960607926
2019-10-03,8390.774414,8414.227539,8146.437012,8259.992188,8259.992188,13668823409.0,15626,148357500000.0,0.09213436260978826
2019-10-04,8259.494141,8260.055664,8151.236816,8205.939453,8205.939453,13139456229.0,14904,146906900000.0,0.08944069772451001
2019-10-05,8210.149414,8215.526367,8071.120605,8151.500488,8151.500488,12200497197.0,13536,146124930000.0,0.08349360446225607
2019-10-06,8149.876953,8161.410156,7958.850586,7988.155762,7988.155762,13160830305.0,14729,144114220000.0,0.09132221795020462
2019-10-07,7989.120605,8308.450195,7905.766113,8245.623047,8245.623047,18009742607.0,16843,145067110000.0,0.12414765861698167
2019-10-08,8246.849609,8332.714844,8185.763184,8228.783203,8228.783203,15592264032.0,16662,147692400000.0,0.10557255168179537
2019-10-09,8229.84082,8627.706055,8169.298828,8595.740234,8595.740234,19384942333.0,17990,149954840000.0,0.1292718696061307
2019-10-10,8585.280273,8625.272461,8471.933594,8586.473633,8586.473633,17618660671.0,17144,153877330000.0,0.11449809043130497
2019-10-11,8585.262695,8721.780273,8316.181641,8321.756836,8321.756836,19604381101.0,16759,151162160000.0,0.12969106300944094
2019-10-12,8315.665039,8415.242188,8313.34082,8336.555664,8336.555664,14532641605.0,14136,150029030000.0,0.09686553370507907
2019-10-13,8336.902344,8470.988281,8276.612305,8321.005859,8321.005859,13808286059.0,14172,150470400000.0,0.09176746139319948
2019-10-14,8320.832031,8390.208984,8284.130859,8374.686523,8374.686523,15151387859.0,17307,149679460000.0,0.10122556720867729
2019-10-15,8373.458008,8410.714844,8182.706543,8205.369141,8205.369141,15220412632.0,17552,148878030000.0,0.10223410624072624
2019-10-16,8204.674805,8216.8125,7985.089844,8047.526855,8047.526855,16071646996.0,17713,145434570000.0,0.11050774558111218
2019-10-17,8047.8125,8134.831543,8000.942871,8103.911133,8103.911133,14313052244.0,16806,145005400000.0,0.0987070318897555
2019-10-18,8100.933594,8138.413574,7902.164063,7973.20752,7973.20752,15651592610.0,17011,143631060000.0,0.10897080999224955
2019-10-19,7973.803711,8082.629395,7944.776855,7988.560547,7988.560547,13797825640.0,15757,143632450000.0,0.09606342915248908
2019-10-20,7997.807129,8281.818359,7949.439453,8222.078125,8222.078125,15504249442.0,13294,144568350000.0,0.10724511378282678
2019-10-21,8225.115234,8296.694336,8196.416016,8243.720703,8243.720703,15868748866.0,16282,148274950000.0,0.1070224499298419
2019-10-22,8243.402344,8296.651367,8074.462891,8078.203125,8078.203125,16803377857.0,19420,147816630000.0,0.11367718272897086
2019-10-23,8076.228516,8092.999512,7469.322754,7514.671875,7514.671875,21942878958.0,20329,139537100000.0,0.15725479595090136
2019-10-24,7509.728027,7532.867676,7446.98877,7493.48877,7493.48877,16268708849.0,17486,134295585000.0,0.12114105521119495
2019-10-25,7490.703125,8691.540039,7479.984375,8660.700195,8660.700195,28705065488.0,20601,141821670000.0,0.20240252977741988
2019-10-26,8667.577148,10021.74414,8662.62207,9244.972656,9244.972656,44496255609.0,25470,167914360000.0,0.26499375320812113
2019-10-27,9241.707031,9749.529297,9112.541992,9551.714844,9551.714844,32593129501.0,17460,169475470000.0,0.19231767786560117
2019-10-28,9565.101563,9805.118164,9256.148438,9256.148438,9256.148438,30948255332.0,18462,170560680000.0,0.18145011265429492
2019-10-29,9248.44043,9516.180664,9232.648438,9427.6875,9427.6875,28426779937.0,17199,169160740000.0,0.16804596905951447
2019-10-30,9422.462891,9426.874023,9085.370117,9205.726563,9205.726563,27706531577.0,17972,166129140000.0,0.1667770724933133
2019-10-31,9202.458008,9383.161133,9028.717773,9199.584961,9199.584961,26583653947.0,20869,165736640000.0,0.16039695994736475
2019-11-01,9193.992188,9275.657227,9132.047852,9261.104492,9261.104492,24324691031.0,17370,165394280000.0,0.14707092870871774
2019-11-02,9259.783203,9377.486328,9249.587891,9324.717773,9324.717773,21242676385.0,14470,167498760000.0,0.12682288728973282
2019-11-03,9324.787109,9379.806641,9141.251953,9235.354492,9235.354492,21132220847.0,14022,166659950000.0,0.12679843616668865
2019-11-04,9235.607422,9505.051758,9191.485352,9412.612305,9412.612305,26170255634.0,17953,167399340000.0,0.15633428010423875
2019-11-05,9413.004883,9457.417969,9256.931641,9342.527344,9342.527344,26198609048.0,18119,168724400000.0,0.1552745740753986
2019-11-06,9340.864258,9423.237305,9305.90918,9360.879883,9360.879883,23133895765.0,17193,168829120000.0,0.13702550326381185
2019-11-07,9352.393555,9368.476563,9202.353516,9267.561523,9267.561523,22700383839.0,16147,167245460000.0,0.13573093916500756
2019-11-08,9265.368164,9272.759766,8775.53418,8804.880859,8804.880859,24333037836.0,16463,162604840000.0,0.14964522203562436
2019-11-09,8809.46875,8891.818359,8793.163086,8813.582031,8813.582031,17578630606.0,13608,159335270000.0,0.11032479367446554
2019-11-10,8812.489258,9103.826172,8806.162109,9055.526367,9055.526367,20587919881.0,13655,160960770000.0,0.12790644174326268
2019-11-11,9056.917969,9081.279297,8700.608398,8757.788086,8757.788086,20265510765.0,17451,159305020000.0,0.12721200073471972
2019-11-12,8759.751953,8853.768555,8685.427734,8815.662109,8815.662109,20309769107.0,16739,158343450000.0,0.12826403335491757
2019-11-13,8812.033203,8836.841797,8761.651367,8808.262695,8808.262695,17545755405.0,17058,158743150000.0,0.11052921237588334
2019-11-14,8811.936523,8826.943359,8692.551758,8708.094727,8708.094727,19084739975.0,18144,157519760000.0,0.12115775379972672
2019-11-15,8705.708008,8730.873047,8484.84375,8491.992188,8491.992188,21796856471.0,17028,155235530000.0,0.14041151582919037
2019-11-16,8491.166016,8591.99707,8473.973633,8550.760742,8550.760742,16495389808.0,15041,153864450000.0,0.1072072812383434
2019-11-17,8549.470703,8727.789063,8500.967773,8577.975586,8577.975586,18668638897.0,14539,154964400000.0,0.1204705056241986
2019-11-18,8573.980469,8653.280273,8273.573242,8309.286133,8309.286133,21579470673.0,16505,152750400000.0,0.14127275338084389
2019-11-19,8305.134766,8408.516602,8099.963379,8206.145508,8206.145508,21083613816.0,16874,148142110000.0,0.14232019121408296
2019-11-20,8203.613281,8237.240234,8010.511719,8027.268066,8027.268066,20764300437.0,18338,147654250000.0,0.140627858278785
2019-11-21,8023.644531,8110.098145,7597.381836,7642.75,7642.75,22514243371.0,21597,143108490000.0,0.15732290582020086
2019-11-22,7643.569336,7697.382813,6936.706543,7296.577637,7296.577637,34242315785.0,24404,133067970000.0,0.2573295069721485
2019-11-23,7296.164551,7442.258789,7151.417969,7397.796875,7397.796875,21008924418.0,16543,131058780000.0,0.16030154348033238
2019-11-24,7398.633789,7408.577148,7029.289063,7047.916992,7047.916992,30433517289.0,17253,130235920000.0,0.23367991070681443
2019-11-25,7039.977051,7319.856934,6617.166992,7146.133789,7146.133789,42685231262.0,22633,126069375000.0,0.33858525331886546
2019-11-26,7145.15918,7320.230469,7098.572266,7218.371094,7218.371094,21129505542.0,25824,129470430000.0,0.1631994683337211
2019-11-27,7220.880859,7619.693359,6974.174316,7531.663574,7531.663574,23991412764.0,22517,131357385000.0,0.1826422840106182
2019-11-28,7536.820313,7730.072754,7454.121582,7463.105957,7463.105957,19050116751.0,16332,136540480000.0,0.13951991982475964
2019-11-29,7466.727051,7781.179688,7460.756348,7761.243652,7761.243652,19709695456.0,16670,137273220000.0,0.14358004638625327
2019-11-30,7764.057129,7836.102051,7515.849609,7569.629883,7569.629883,17158194786.0,16174,138704130000.0,0.12370356446309154
2019-12-01,7571.616211,7571.616211,7291.341797,7424.29248,7424.29248,18720708479.0,15964,133061130000.0,0.1406925385129036
2019-12-02,7424.036133,7474.818848,7233.399414,7321.988281,7321.988281,17082040706.0,16129,132253590000.0,0.12916126337337222
2019-12-03,7323.975586,7418.858887,7229.356934,7320.145508,7320.145508,14797485769.0,16469,132337710000.0,0.11181609094305532
2019-12-04,7320.125,7539.784668,7170.922852,7252.034668,7252.034668,21664240918.0,16817,132270604000.0,0.1637872680374943
2019-12-05,7253.241699,7743.431641,7232.676758,7448.307617,7448.307617,18816085231.0,17127,132949410000.0,0.14152815917301068
2019-12-06,7450.561523,7546.996582,7392.175293,7546.996582,7546.996582,18104466307.0,15697,134500470000.0,0.1346052303966858
2019-12-07,7547.265625,7589.95166,7525.711426,7556.237793,7556.237793,15453520564.0,13437,136682865000.0,0.11306114050727581
2019-12-08,7551.338867,7634.606445,7476.091309,7564.345215,7564.345215,15409908086.0,14176,136561550000.0,0.11284221776653418
2019-12-09,7561.79541,7618.091797,7365.985352,7400.899414,7400.899414,17872021272.0,16592,135543990000.0,0.1318540313456374
2019-12-10,7397.134277,7424.022949,7246.043945,7278.119629,7278.119629,18249031195.0,15197,132815030000.0,0.1374018545869823
2019-12-11,7277.197754,7324.15625,7195.527344,7217.427246,7217.427246,16350490689.0,14324,131494410000.0,0.12434361585790459
2019-12-12,7216.73877,7266.639648,7164.741211,7243.134277,7243.134277,18927080224.0,16412,130619920000.0,0.14490194728243616
2019-12-13,7244.662109,7293.560547,7227.122559,7269.68457,7269.68457,17125736940.0,16588,131363430000.0,0.1303691361275535
2019-12-14,7268.902832,7308.836426,7097.208984,7124.673828,7124.673828,17137029730.0,14114,130413265000.0,0.1314055724597201
2019-12-15,7124.239746,7181.075684,6924.375977,7152.301758,7152.301758,16881129804.0,14381,129038000000.0,0.1308229342306504
2019-12-16,7153.663086,7171.168945,6903.682617,6932.480469,6932.480469,20213265950.0,18724,128269160000.0,0.15758477349402814
2019-12-17,6931.31543,6964.075195,6587.974121,6640.515137,6640.515137,22363804217.0,19303,124102540000.0,0.1802042406269206
2019-12-18,6647.698242,7324.984863,6540.049316,7276.802734,7276.802734,31836522778.0,22374,123124080000.0,0.25857267410658813
2019-12-19,7277.59082,7346.602539,7041.381836,7202.844238,7202.844238,25904604416.0,21588,129994560000.0,0.19927452119381084
2019-12-20,7208.636719,7257.921875,7086.124023,7218.816406,7218.816406,22633815180.0,18959,130619370000.0,0.17328069815656805
2019-12-21,7220.59375,7223.226074,7112.73584,7191.158691,7191.158691,19312552168.0,16562,130578890000.0,0.1478994962874901
2019-12-22,7191.188477,7518.033203,7167.179199,7511.588867,7511.588867,23134537956.0,15978,131813760000.0,0.17550927745539235
2019-12-23,7508.902344,7656.17627,7326.192383,7355.628418,7355.628418,27831788041.0,16906,136423910000.0,0.2040096093574336
2019-12-24,7354.393066,7535.716797,7269.528809,7322.532227,7322.532227,22991622105.0,15959,133409710000.0,0.17233844591381636
2019-12-25,7325.755859,7357.02002,7220.991211,7275.155762,7275.155762,21559505149.0,14984,131978174000.0,0.16335659465331395
2019-12-26,7274.799316,7388.302734,7200.386719,7238.966797,7238.966797,22787010034.0,15205,131900380000.0,0.17275924053927771
2019-12-27,7238.141113,7363.529297,7189.934082,7290.088379,7290.088379,22777360996.0,14711,131651035000.0,0.1730131553653962
2019-12-28,7289.03125,7399.041016,7286.905273,7317.990234,7317.990234,21365673026.0,14765,133446490000.0,0.1601066665760156
2019-12-29,7317.647461,7513.948242,7279.865234,7422.652832,7422.652832,22445257702.0,13684,135412250000.0,0.16575499823023873
2019-12-30,7420.272949,7454.824219,7276.308105,7292.995117,7292.995117,22874131672.0,15568,133961880000.0,0.17075104536529487
2019-12-31,7294.438965,7335.290039,7169.777832,7193.599121,7193.599121,21167946112.0,13500,132240695000.0,0.16007134615118956
2020-01-01,7194.89209,7254.330566,7174.944336,7200.174316,7200.174316,18565664997.0,13987,131257926000.0,0.14144414447818904
2020-01-02,7202.55127,7212.155273,6935.27002,6985.470215,6985.470215,20802083465.0,15920,129269680000.0,0.1609200531320763
2020-01-03,6984.428711,7413.715332,6914.996094,7344.884277,7344.884277,28111481032.0,19730,131515660000.0,0.21375006240838432
2020-01-04,7345.375488,7427.385742,7309.51416,7410.656738,7410.656738,18444271275.0,16357,134067210000.0,0.13757481433182106
2020-01-05,7410.45166,7544.49707,7400.535645,7411.317383,7411.317383,19725074095.0,16533,136141190000.0,0.1448868900664359
2020-01-06,7410.452148,7781.867188,7409.292969,7769.219238,7769.219238,23276261598.0,16540,137682320000.0,0.1690577363888603
2020-01-07,7768.682129,8178.21582,7768.227539,8163.692383,8163.692383,28767291327.0,20950,144326460000.0,0.1993209800073192
2020-01-08,8161.935547,8396.738281,7956.774414,8079.862793,8079.862793,31672559265.0,20820,150154700000.0,0.21093284326286382
2020-01-09,8082.295898,8082.295898,7842.403809,7879.071289,7879.071289,24045990466.0,20500,144170860000.0,0.16678814550504345
2020-01-10,7878.307617,8166.554199,7726.774902,8166.554199,8166.554199,28714583844.0,18266,144014590000.0,0.19938663057382283
2020-01-11,8162.190918,8218.359375,8029.64209,8037.537598,8037.537598,25521165085.0,15900,147425940000.0,0.17311177319431456
2020-01-12,8033.261719,8200.063477,8009.059082,8192.494141,8192.494141,22903438381.0,14383,147902200000.0,0.15485529014165159
2020-01-13,8189.771973,8197.788086,8079.700684,8144.194336,8144.194336,22482910688.0,15305,148009910000.0,0.1519013871887553
2020-01-14,8140.933105,8879.511719,8140.933105,8827.764648,8827.764648,44841784107.0,20772,156271690000.0,0.2869475858682385
2020-01-15,8825.34375,8890.117188,8657.1875,8807.010742,8807.010742,40102834650.0,18142,159439630000.0,0.25152362392742195
2020-01-16,8812.481445,8846.460938,8612.095703,8723.786133,8723.786133,31313981931.0,18513,157911800000.0,0.19830046385027425
2020-01-17,8725.209961,8958.12207,8677.316406,8929.038086,8929.038086,36372139320.0,17272,161113850000.0,0.22575426850335098
2020-01-18,8927.211914,9012.198242,8827.332031,8942.808594,8942.808594,32337772627.0,17651,161824920000.0,0.19983185244297316
2020-01-19,8941.445313,9164.362305,8620.080078,8706.245117,8706.245117,34217320471.0,20557,160973290000.0,0.21256520350612756
2020-01-20,8704.631836,8745.59082,8560.473633,8657.642578,8657.642578,26422375678.0,18586,157559880000.0,0.16769735663811733
2020-01-21,8658.991211,8755.706055,8544.520508,8745.894531,8745.894531,24097418512.0,19285,157601600000.0,0.15290085390355895
2020-01-22,8744.210938,8792.994141,8636.74707,8680.875977,8680.875977,22600204051.0,19401,158012060000.0,0.1430283455294607
2020-01-23,8680.650391,8687.74707,8333.637695,8406.515625,8406.515625,25770680779.0,18546,153939980000.0,0.16740732358862392
2020-01-24,8405.567383,8514.666992,8266.84082,8445.43457,8445.43457,24397913026.0,16643,152896240000.0,0.15957169882315414
2020-01-25,8440.119141,8458.453125,8296.21875,8367.847656,8367.847656,19647331549.0,13919,151807500000.0,0.12942267392557558
2020-01-26,8364.410156,8602.401367,8325.498047,8596.830078,8596.830078,22177678796.0,14485,153939000000.0,0.1440679658980028
2020-01-27,8597.308594,8977.726563,8597.308594,8909.819336,8909.819336,28647338393.0,18223,159015270000.0,0.18015463516165117
2020-01-28,8912.524414,9358.589844,8908.447266,9358.589844,9358.589844,34398744403.0,20422,164576660000.0,0.20901350741206567
2020-01-29,9357.470703,9406.431641,9269.467773,9316.629883,9316.629883,30682598115.0,22062,170045030000.0,0.18043807597802047
2020-01-30,9316.016602,9553.125977,9230.897461,9508.993164,9508.993164,32378792851.0,18452,170887760000.0,0.18947403408702587
2020-01-31,9508.313477,9521.706055,9230.776367,9350.529297,9350.529297,29432489719.0,17685,170398290000.0,0.17272761622379265
2020-02-01,9346.357422,9439.323242,9313.239258,9392.875,9392.875,25922656496.0,15818,170902880000.0,0.15168062970717497
2020-02-02,9389.820313,9468.797852,9217.824219,9344.365234,9344.365234,30835736946.0,75543,171009750000.0,0.1803156626402017
2020-02-03,9344.683594,9540.37207,9248.633789,9293.521484,9293.521484,30934096509.0,32917,170261730000.0,0.18168555778211373
2020-02-04,9292.841797,9331.265625,9112.811523,9180.962891,9180.962891,29893183716.0,28537,168033850000.0,0.17789977770181273
2020-02-05,9183.416016,9701.299805,9163.704102,9613.423828,9613.423828,35222060874.0,34975,171472960000.0,0.20540883273078178
2020-02-06,9617.821289,9824.619141,9539.818359,9729.801758,9729.801758,37628823716.0,30260,176692560000.0,0.21296212892755162
2020-02-07,9726.00293,9834.716797,9726.00293,9795.943359,9795.943359,34522718159.0,25577,178370040000.0,0.19354550231038303
2020-02-08,9793.070313,9876.749023,9678.910156,9865.119141,9865.119141,35172043762.0,22495,178841170000.0,0.1966663658719515
2020-02-09,9863.894531,10129.43555,9850.392578,10116.67383,10116.67383,35807884663.0,38674,183592370000.0,0.19504015678142253
2020-02-10,10115.55957,10165.76563,9784.563477,9856.611328,9856.611328,39386548075.0,27170,180868700000.0,0.21776321374618754
2020-02-11,9855.891602,10210.05273,9729.334961,10208.23633,10208.23633,37648059389.0,28117,181532540000.0,0.20739014171531975
2020-02-12,10202.3877,10393.61133,10202.3877,10326.05469,10326.05469,43444303830.0,28341,188166980000.0,0.23088165588907666
2020-02-13,10323.96094,10457.62695,10116.16113,10214.37988,10214.37988,49356071373.0,26869,187415280000.0,0.26335137100231804
2020-02-14,10211.55078,10321.99609,10125.53418,10312.11621,10312.11621,43338264162.0,25754,187122910000.0,0.23160319787132538
2020-02-15,10313.85645,10341.55566,9874.427734,9889.424805,9889.424805,43865054831.0,23918,184966140000.0,0.23715181505728783
2020-02-16,9889.179688,10053.96875,9722.386719,9934.433594,9934.433594,43374780305.0,23996,180676720000.0,0.24006844744412015
2020-02-17,9936.560547,9938.81543,9507.637695,9690.142578,9690.142578,45998298413.0,25279,177191000000.0,0.25959727069293254
2020-02-18,9691.230469,10161.93555,9632.382813,10141.99609,10141.99609,47271023953.0,29623,179327550000.0,0.26360157209874824
2020-02-19,10143.79883,10191.67578,9611.223633,9633.386719,9633.386719,46992019710.0,31627,183930550000.0,0.25548784102079947
2020-02-20,9629.325195,9643.216797,9507.900391,9608.475586,9608.475586,44925260237.0,26789,175204100000.0,0.25641670849574716
2020-02-21,9611.782227,9723.014648,9589.743164,9686.441406,9686.441406,40930547513.0,23685,176614200000.0,0.23175117643658125
2020-02-22,9687.707031,9698.231445,9600.728516,9663.181641,9663.181641,35838025154.0,24088,176226780000.0,0.20336310593489662
2020-02-23,9663.318359,9937.404297,9657.791016,9924.515625,9924.515625,41185185761.0,25803,179596480000.0,0.22932067812735143
2020-02-24,9921.583008,9951.746094,9537.042969,9650.174805,9650.174805,45080496648.0,28829,177887040000.0,0.2534220470235988
2020-02-25,9651.3125,9652.737305,9305.021484,9341.705078,9341.705078,42515259129.0,27251,173626820000.0,0.24486573837847553
2020-02-26,9338.290039,9354.77832,8704.426758,8820.522461,8820.522461,50420050762.0,27388,165329810000.0,0.30496647696744744
2020-02-27,8825.09375,8932.892578,8577.199219,8784.494141,8784.494141,45470195695.0,25882,160576630000.0,0.2831681939840138
2020-02-28,8788.728516,8890.456055,8492.932617,8672.455078,8672.455078,44605450443.0,25289,158830120000.0,0.28083748424861954
2020-02-29,8671.212891,8775.631836,8599.508789,8599.508789,8599.508789,35792392544.0,22884,158545050000.0,0.225755343178202
2020-03-01,8599.758789,8726.796875,8471.212891,8562.454102,8562.454102,35349164300.0,22847,156417670000.0,0.22599214037673096
2020-03-02,8563.264648,8921.308594,8532.630859,8869.669922,8869.669922,42857674409.0,25876,159748030000.0,0.26828295963660215
2020-03-03,8865.387695,8901.598633,8704.990234,8787.786133,8787.786133,42386715821.0,25782,160437900000.0,0.26419391613568244
2020-03-04,8788.541992,8843.366211,8712.431641,8755.246094,8755.246094,34746706368.0,27221,160026130000.0,0.21713145115434587
2020-03-05,8760.285156,9142.054688,8757.253906,9078.762695,9078.762695,39698054597.0,26232,164739020000.0,0.24097541621105925
2020-03-06,9078.308594,9167.695313,9032.079102,9122.545898,9122.545898,40826885651.0,22285,166124290000.0,0.24576108430141955
2020-03-07,9121.600586,9163.220703,8890.744141,8909.954102,8909.954102,36216930370.0,19205,165242670000.0,0.2191742061888084
2020-03-08,8908.206055,8914.34375,8105.25293,8108.116211,8108.116211,39973102121.0,19627,156832630000.0,0.25487746040581677
2020-03-09,8111.146484,8177.793457,7690.098145,7923.644531,7923.644531,46936995808.0,31167,144019880000.0,0.32590636210363305
2020-03-10,7922.146973,8136.945313,7814.763184,7909.729492,7909.729492,42213940994.0,24544,145333500000.0,0.29046255974718205
2020-03-11,7910.089844,7950.814453,7642.8125,7911.430176,7911.430176,38682762605.0,23550,143487390000.0,0.269589988299292
2020-03-12,7913.616211,7929.116211,4860.354004,4970.788086,4970.788086,53980357243.0,44735,122310710000.0,0.44133793162647783
2020-03-13,5017.831055,5838.114746,4106.980957,5563.707031,5563.707031,74156772075.0,43020,96428680000.0,0.7690323326507725
2020-03-14,5573.077637,5625.226563,5125.069336,5200.366211,5200.366211,36154506008.0,22922,98686840000.0,0.3663559113229859
2020-03-15,5201.066895,5836.64502,5169.283203,5392.314941,5392.314941,33997889639.0,22102,97143950000.0,0.349974348341094
2020-03-16,5385.229492,5385.229492,4575.35791,5014.47998,5014.47998,45368026430.0,27432,91458994000.0,0.49604772979129425
2020-03-17,5002.578125,5371.348633,4981.90918,5225.629395,5225.629395,38622642935.0,26159,94642730000.0,0.40808883775732707
2020-03-18,5227.11377,5331.833984,5069.335938,5238.438477,5238.438477,37878801016.0,26644,94703420000.0,0.39997289706309996
2020-03-19,5245.416504,6329.73584,5236.96875,6191.192871,6191.192871,51000731797.0,29033,103589860000.0,0.4923332275113706
2020-03-20,6191.653809,6844.261719,5865.781738,6198.77832,6198.77832,54442976103.0,28150,114939600000.0,0.473665957412374
2020-03-21,6206.521484,6378.135254,5932.823242,6185.066406,6185.066406,42494390880.0,25403,112740200000.0,0.37692315833230455
2020-03-22,6185.558105,6359.697266,5823.713867,5830.254883,5830.254883,40099664740.0,27844,112152600000.0,0.3575455632241585
2020-03-23,5831.374512,6443.93457,5785.004395,6416.314941,6416.314941,46491916000.0,28657,111469990000.0,0.41708009786627676
2020-03-24,6436.642578,6789.022949,6411.066406,6734.803711,6734.803711,48221910672.0,31076,121219360000.0,0.39780701021019227
2020-03-25,6738.716797,6892.51123,6536.92627,6681.062988,6681.062988,44590107888.0,26878,121751020000.0,0.36624011908725906
2020-03-26,6675.170898,6735.463867,6590.962891,6716.44043,6716.44043,35319797642.0,24772,121908440000.0,0.28972398066524135
2020-03-27,6719.38916,6793.836426,6466.70166,6469.79834,6469.79834,34585598367.0,24128,122268060000.0,0.2828669976924537
2020-03-28,6467.253906,6467.500977,6117.837891,6242.193848,6242.193848,34885225901.0,20983,113923710000.0,0.3062156736480361
2020-03-29,6245.624512,6250.467285,5920.085938,5922.042969,5922.042969,28373690931.0,22187,112031244000.0,0.2532658733849231
2020-03-30,5925.538574,6517.195801,5903.234375,6429.841797,6429.841797,37101651525.0,24425,114642690000.0,0.32362858468748273
2020-03-31,6430.606445,6504.515137,6374.162109,6438.644531,6438.644531,32786468812.0,24944,118045180000.0,0.27774508742045656
2020-04-01,6437.319336,6612.57373,6202.373535,6606.776367,6606.776367,40346426266.0,27700,115548110000.0,0.3491742614388087
2020-04-02,6606.776367,7088.247559,6595.918457,6793.624512,6793.624512,47660646124.0,29947,123028670000.0,0.3873946352312278
2020-04-03,6797.396484,7003.220703,6673.335938,6733.387207,6733.387207,38976504903.0,33185,124869984000.0,0.31213670070697697
2020-04-04,6738.382813,6878.953613,6696.484863,6867.527344,6867.527344,33185988584.0,28502,123990560000.0,0.26764932326087526
2020-04-05,6862.537598,6883.414063,6715.929199,6791.129395,6791.129395,29510409856.0,25533,124467740000.0,0.2370928378443572
2020-04-06,6788.049805,7271.78125,6782.889648,7271.78125,7271.78125,46896904615.0,32118,129663300000.0,0.36168216668872094
2020-04-07,7273.644043,7427.939453,7136.714355,7176.414551,7176.414551,44243482668.0,32171,133856610000.0,0.33052893872362726
2020-04-08,7179.283203,7356.223633,7153.305664,7334.098633,7334.098633,37563249549.0,30033,133311790000.0,0.28176989625543275
2020-04-09,7337.966309,7341.448242,7179.094238,7302.089355,7302.089355,34815139178.0,29133,133447860000.0,0.2608894524015654
2020-04-10,7303.81543,7303.81543,6802.475098,6865.493164,6865.493164,43622840992.0,28128,127854790000.0,0.34119051360482616
2020-04-11,6867.44043,6926.069824,6789.920898,6859.083008,6859.083008,31222085946.0,22432,125409030000.0,0.24896203191985417
2020-04-12,6858.067871,7119.947266,6811.078125,6971.091797,6971.091797,35759567632.0,23749,127261200000.0,0.2809934895714313
2020-04-13,6965.616699,6965.616699,6668.259766,6845.037598,6845.037598,38619308647.0,26814,123592090000.0,0.31247395178760695
2020-04-14,6843.281738,6958.557129,6793.821289,6842.427734,6842.427734,34110434052.0,31671,125965255000.0,0.2707924033905428
2020-04-15,6845.561523,6928.664551,6633.402832,6642.109863,6642.109863,32288311031.0,28889,124502730000.0,0.25933817970981266
2020-04-16,6640.454102,7134.450684,6555.504395,7116.804199,7116.804199,46783242377.0,30583,126338640000.0,0.37030035452948973
2020-04-17,7116.55,7167.18,7050.33,7096.18,7096.18,32513423567.0,28790,129673740000.0,0.2507325191267641
2020-04-18,7092.291504,7269.956543,7089.24707,7257.665039,7257.665039,32447188386.0,25279,130700180000.0,0.2482566436604908
2020-04-19,7260.922363,7280.521973,7167.054688,7189.424805,7189.424805,31311210215.0,25819,131227370000.0,0.23860274225553899
2020-04-20,7186.873535,7240.290527,6835.50293,6881.958496,6881.958496,37747113936.0,34822,129226350000.0,0.2921007500643356
2020-04-21,6879.78418,6934.551758,6834.442383,6880.323242,6880.323242,32589741511.0,32492,125851560000.0,0.2589538187521113
2020-04-22,6879.44043,7145.865723,6867.781738,7117.20752,7117.20752,33249153866.0,30981,128131950000.0,0.25949151826550404
2020-04-23,7121.306152,7491.785156,7081.594727,7429.724609,7429.724609,43500782316.0,35498,133374580000.0,0.3261549645216096
2020-04-24,7434.181641,7574.195801,7434.181641,7550.900879,7550.900879,34636526286.0,32567,137925180000.0,0.2511254719724079
2020-04-25,7550.48291,7641.36377,7521.672363,7569.936035,7569.936035,32941541447.0,33355,138333770000.0,0.23813088074701996
2020-04-26,7570.13916,7700.594238,7561.407715,7679.867188,7679.867188,33070154491.0,33495,139133160000.0,0.2376870841910793
2020-04-27,7679.418945,7795.601074,7679.418945,7795.601074,7795.601074,36162144725.0,39379,141375060000.0,0.25578870989925634
2020-04-28,7796.970215,7814.527344,7730.806641,7807.058594,7807.058594,33187959921.0,41546,141779420000.0,0.23408164685147212
2020-04-29,7806.712402,8871.753906,7786.049316,8801.038086,8801.038086,60201052203.0,48269,150462700000.0,0.4001061715182785
2020-04-30,8797.669922,9440.650391,8533.255859,8658.553711,8658.553711,66964629541.0,50532,163040940000.0,0.41072279888828817
2020-05-01,8672.782227,9048.023438,8667.763672,8864.766602,8864.766602,44068389997.0,40443,161113600000.0,0.2735237054888408
2020-05-02,8869.057617,9007.1875,8811.366211,8988.59668,8988.59668,40134388683.0,42783,162546430000.0,0.24691029931267705
2020-05-03,8983.614258,9167.78125,8830.97168,8897.46875,8897.46875,47101785174.0,43879,164735810000.0,0.2859231682601233
2020-05-04,8895.745117,8956.90625,8645.024414,8912.654297,8912.654297,45718796276.0,43373,161218080000.0,0.2835835465640679
2020-05-05,8912.832031,9062.415039,8856.827148,9003.070313,9003.070313,43148462663.0,50889,163509190000.0,0.26389013663322575
2020-05-06,9007.441406,9411.467773,8966.706055,9268.761719,9268.761719,49371886931.0,55866,167297580000.0,0.29511417092440567
2020-05-07,9261.895508,9992.664063,9138.322266,9951.518555,9951.518555,61112700562.0,59654,173480600000.0,0.3522739593590895
2020-05-08,9936.162109,9996.743164,9767.172852,9842.666016,9842.666016,51780748042.0,53749,182174560000.0,0.28423698020733884
2020-05-09,9840.90625,9913.863281,9580.644531,9593.896484,9593.896484,46566121841.0,42273,178637000000.0,0.26067456755995755
2020-05-10,9591.168945,9595.581055,8395.107422,8756.430664,8756.430664,63325279337.0,41923,159784670000.0,0.3963163755553398
2020-05-11,8755.535156,9033.470703,8374.323242,8601.795898,8601.795898,57119858802.0,82838,159944230000.0,0.3571235999428827
2020-05-12,8610.385742,8949.898438,8569.643555,8804.477539,8804.477539,42142717533.0,60453,161241370000.0,0.261364179927623
2020-05-13,8805.387695,9317.878906,8805.387695,9269.987305,9269.987305,45558144023.0,46507,166113050000.0,0.27425987212842
2020-05-14,9271.329102,9793.268555,9255.035156,9733.72168,9733.72168,56426907637.0,48588,175016510000.0,0.32240905625160204
2020-05-15,9734.291016,9755.828125,9261.398438,9328.197266,9328.197266,48158802327.0,38102,174945960000.0,0.27527816215143125
2020-05-16,9333.240234,9564.205078,9260.694336,9377.013672,9377.013672,36164766408.0,40293,172895670000.0,0.2091710405926884
2020-05-17,9374.929688,9823.001953,9349.545898,9670.739258,9670.739258,40084250663.0,33797,176865850000.0,0.22663645855528686
2020-05-18,9675.695313,9906.030273,9570.359375,9726.575195,9726.575195,41827139896.0,38987,178812350000.0,0.23391638681188004
2020-05-19,9727.063477,9836.047852,9539.624023,9729.038086,9729.038086,39254288955.0,31927,177926600000.0,0.2206206848658485
2020-05-20,9725.329102,9804.793945,9447.201172,9522.981445,9522.981445,36546239703.0,33468,177882660000.0,0.2054513887159659
2020-05-21,9522.740234,9555.242188,8869.930664,9081.761719,9081.761719,39326160532.0,36198,171002000000.0,0.22997485255849
2020-05-22,9080.334961,9232.936523,9008.638672,9182.577148,9182.577148,29810773699.0,46283,167977420000.0,0.17746893553003273
2020-05-23,9185.0625,9302.501953,9118.108398,9209.287109,9209.287109,27727866812.0,27771,169436890000.0,0.16364716657184994
2020-05-24,9212.283203,9288.404297,8787.250977,8790.368164,8790.368164,32518803300.0,30235,168022840000.0,0.19353799893503998
2020-05-25,8786.107422,8951.005859,8719.667969,8906.93457,8906.93457,31288157264.0,34450,162333430000.0,0.1927400788594252
2020-05-26,8909.585938,8991.967773,8757.293945,8835.052734,8835.052734,29584186947.0,30190,163115370000.0,0.1813697092339354
2020-05-27,8837.380859,9203.320313,8834.157227,9181.017578,9181.017578,32740536902.0,34046,166084740000.0,0.19713151903623446
2020-05-28,9184.945313,9546.319336,9148.457031,9525.750977,9525.750977,34367073114.0,38537,171385600000.0,0.20052485566655015
2020-05-29,9528.355469,9573.666992,9379.338867,9439.124023,9439.124023,32896642044.0,34052,174017950000.0,0.189041655341613
2020-05-30,9438.914063,9704.030273,9366.729492,9700.414063,9700.414063,32722975141.0,29372,174892840000.0,0.1871029973450839
2020-05-31,9700.105469,9700.34375,9432.296875,9461.058594,9461.058594,27773290299.0,28806,175775800000.0,0.15800406757364696
2020-06-01,9463.605469,10199.56543,9450.899414,10167.26856,10167.26856,35198901068.0,34801,176204580000.0,0.19976155730184586
2020-06-02,10162.97363,10182.34082,9460.571289,9529.803711,9529.803711,39137252109.0,48257,181966800000.0,0.21507908232035242
2020-06-03,9533.760742,9682.859375,9471.84668,9656.717773,9656.717773,25007459262.0,32772,175860040000.0,0.14220091902347057
2020-06-04,9655.854492,9887.610352,9525.24707,9800.636719,9800.636719,25921805072.0,33808,178607540000.0,0.14513276055827293
2020-06-05,9800.21582,9869.237305,9663.216797,9665.533203,9665.533203,23509628646.0,31415,179546590000.0,0.13093887787570316
2020-06-06,9664.904297,9773.431641,9591.024414,9653.679688,9653.679688,20438419222.0,26066,177637300000.0,0.11505702858092084
2020-06-07,9653.00293,9768.498047,9458.150391,9758.852539,9758.852539,25015250846.0,26035,177434700000.0,0.14098285178367884
2020-06-08,9760.063477,9782.306641,9675.885742,9771.489258,9771.489258,21486346312.0,30802,179073070000.0,0.11998647219150618
2020-06-09,9774.360352,9836.369141,9664.719727,9795.700195,9795.700195,23717842783.0,33586,178829890000.0,0.13262795938522076
2020-06-10,9794.119141,9908.896484,9728.291016,9870.094727,9870.094727,25706567601.0,35740,180206300000.0,0.1426507666369264
2020-06-11,9870.078125,9938.297852,9263.069336,9321.78125,9321.78125,30247143440.0,34444,177736520000.0,0.17017968052662147
2020-06-12,9320.69043,9540.46582,9285.851563,9480.84375,9480.84375,22610564515.0,34530,173477410000.0,0.13033722455110547
2020-06-13,9480.735352,9493.211914,9396.009766,9475.277344,9475.277344,17564322315.0,30524,173808340000.0,0.10105569519090325
2020-06-14,9477.553711,9482.270508,9347.59375,9386.788086,9386.788086,18991732746.0,24592,173467370000.0,0.10948302729099449
2020-06-15,9386.035156,9504.860352,8990.175781,9450.702148,9450.702148,26699704768.0,28560,170461790000.0,0.15663161072883622
2020-06-16,9454.266602,9579.430664,9400.445313,9538.024414,9538.024414,21565537209.0,28992,174868960000.0,0.12332398962541943
2020-06-17,9533.78418,9540.422852,9327.339844,9480.254883,9480.254883,20177709879.0,23559,174176440000.0,0.11584638149933445
2020-06-18,9481.567383,9482.782227,9328.395508,9411.84082,9411.84082,17770083003.0,23904,173579760000.0,0.10237416288043667
2020-06-19,9410.293945,9440.875977,9274.295898,9288.018555,9288.018555,19632223107.0,29522,172236230000.0,0.1139842848342996
2020-06-20,9290.959961,9394.97168,9247.379883,9332.34082,9332.34082,17130541557.0,26154,171773970000.0,0.09972722711222894
2020-06-21,9330.926758,9401.107422,9300.430664,9303.629883,9303.629883,15324301169.0,26333,172519750000.0,0.08882635767656584
2020-06-22,9300.915039,9655.073242,9296.87207,9648.717773,9648.717773,21104009514.0,33399,174726630000.0,0.12078301880332852
2020-06-23,9644.076172,9670.541016,9547.24707,9629.658203,9629.658203,17006433272.0,34373,177672750000.0,0.09571773590692745
2020-06-24,9632.149414,9680.367188,9278.233398,9313.610352,9313.610352,18961716076.0,32446,174341460000.0,0.10876194638366178
2020-06-25,9314.126953,9340.161133,9095.324219,9264.813477,9264.813477,18616048626.0,31154,170534370000.0,0.10916302960530183
2020-06-26,9260.995117,9310.516602,9101.738281,9162.917969,9162.917969,18341465837.0,30758,169781070000.0,0.10803010063052933
2020-06-27,9167.824219,9207.810547,8998.216797,9045.390625,9045.390625,17273093144.0,28444,168388230000.0,0.10257898087169008
2020-06-28,9048.460938,9197.546875,8975.525391,9143.582031,9143.582031,14560870760.0,28965,167353530000.0,0.08700665321963585
2020-06-29,9140.029297,9237.573242,9041.875977,9190.854492,9190.854492,16460547078.0,32380,168521780000.0,0.09767608291451398
2020-06-30,9185.581055,9217.835938,9084.837891,9137.993164,9137.993164,15735797744.0,28895,169127760000.0,0.0930408948655427
2020-07-01,9145.985352,9309.754883,9104.735352,9228.325195,9228.325195,15971550355.0,26910,169903950000.0,0.09400340936195764
2020-07-02,9231.139648,9274.962891,9036.623047,9123.410156,9123.410156,16338916796.0,26683,169523430000.0,0.09638146689305446
2020-07-03,9124.842773,9202.344727,9058.794922,9087.303711,9087.303711,13078970999.0,25726,168105020000.0,0.07780238332943971
2020-07-04,9084.233398,9183.295898,9053.629883,9132.488281,9132.488281,12290528515.0,24368,168329820000.0,0.07301456363337075
2020-07-05,9126.09082,9162.183594,8977.015625,9073.942383,9073.942383,12903406143.0,20039,167849400000.0,0.07687490447222
2020-07-06,9072.849609,9375.474609,9058.664063,9375.474609,9375.474609,17889263252.0,27694,170319230000.0,0.10503372363988506
2020-07-07,9349.161133,9360.617188,9201.81543,9252.277344,9252.277344,13839652595.0,22547,171360490000.0,0.08076338348734814
2020-07-08,9253.020508,9450.335938,9249.5,9428.333008,9428.333008,19702359883.0,22723,172729580000.0,0.11406476935882344
2020-07-09,9427.994141,9431.378906,9234.999023,9277.967773,9277.967773,18000702524.0,24645,172528340000.0,0.10433475942477098
2020-07-10,9273.357422,9287.47168,9118.001953,9278.807617,9278.807617,16860035605.0,24965,170207260000.0,0.09905591061568947
2020-07-11,9277.511719,9293.532227,9199.485352,9240.34668,9240.34668,13249910444.0,22288,171018490000.0,0.07747648089104446
2020-07-12,9241.054688,9319.418945,9197.450195,9276.5,9276.5,14452361907.0,19664,171260500000.0,0.0843881830788852
2020-07-13,9277.205078,9306.405273,9224.292969,9243.614258,9243.614258,17519821266.0,25309,171717170000.0,0.10202719838920284
2020-07-14,9238.703125,9283.841797,9171.661133,9243.213867,9243.213867,18085038362.0,35940,170550410000.0,0.10603925389546928
2020-07-15,9241.897461,9275.325195,9171.933594,9192.836914,9192.836914,15844731575.0,54174,170661130000.0,0.09284323367852855
2020-07-16,9191.980469,9214.3125,9088.947266,9132.227539,9132.227539,15713967523.0,56131,169027040000.0,0.09296717976961098
2020-07-17,9131.8125,9182.253906,9089.202148,9151.392578,9151.392578,13944570749.0,24865,169035190000.0,0.08249507729403076
2020-07-18,9151.183594,9230.983398,9100.824219,9159.040039,9159.040039,12252601475.0,null,169623240000.0,0.07223421403899084
2020-07-19,9158.005859,9201.398438,9097.632813,9185.817383,9185.817383,12939002784.0,18893,169578840000.0,0.0763008095769304
2020-07-20,9187.220703,9214.270508,9137.509766,9164.231445,9164.231445,13755604146.0,24912,170000760000.0,0.08091495637242302
2020-07-21,9162.514648,9407.262695,9149.389648,9374.887695,9374.887695,18069581956.0,27374,172255540000.0,0.10489985756191104
2020-07-22,9375.080078,9530.518555,9319.65332,9525.363281,9525.363281,16532254884.0,25069,173270530000.0,0.09541296309311473
2020-07-23,9527.141602,9610.24707,9483.003906,9581.072266,9581.072266,18146399002.0,27632,176318190000.0,0.10291847635241072
2020-07-24,9585.514648,9623.336914,9481.454102,9536.892578,9536.892578,16552768325.0,27407,176385770000.0,0.09384412571688577
2020-07-25,9539.485352,9704.556641,9530.211914,9677.113281,9677.113281,16610070933.0,27808,177541480000.0,0.0935560010600729
2020-07-26,9680.234375,10023.80762,9652.847656,9905.166992,9905.166992,20507998997.0,30432,181412970000.0,0.11304593569538725
2020-07-27,9905.217773,11298.22168,9903.969727,10990.87305,10990.87305,35359749590.0,51139,192252000000.0,0.18392396004327236
2020-07-28,11017.46387,11204.32715,10632.63184,10912.82324,10912.82324,28766551142.0,45495,202681450000.0,0.14192986615994105
2020-07-29,10912.95313,11304.39746,10856.1416,11100.46777,11100.46777,24617249715.0,33785,204712150000.0,0.12025299835019573
2020-07-30,11099.83301,11169.35645,10895.45508,11111.21387,11111.21387,22857247901.0,32625,203642080000.0,0.1122422645509917
2020-07-31,11110.21094,11415.86426,10987.05371,11323.4668,11323.4668,23160469766.0,30055,206594400000.0,0.11210599443001927
2020-08-01,11322.57031,11794.77539,11239.68262,11759.59277,11759.59277,26075670303.0,39913,213912060000.0,0.12189901922641624
2020-08-02,11758.76465,12034.14453,11018.12988,11053.61426,11053.61426,27410067336.0,33109,209251730000.0,0.13099087598246667
2020-08-03,11043.76856,11453.0791,11012.41504,11246.34863,11246.34863,20271713443.0,29874,207715960000.0,0.09759343269373048
2020-08-04,11246.20313,11385.38184,11094.14551,11205.89258,11205.89258,21250197042.0,29318,207614440000.0,0.10235413626197407
2020-08-05,11203.82324,11786.61719,11158.28516,11747.02246,11747.02246,24411254471.0,38033,211489080000.0,0.1154256028361352
2020-08-06,11749.87109,11902.33594,11598.71387,11779.77344,11779.77344,23400740340.0,38775,216952800000.0,0.107860974473882
2020-08-07,11778.89453,11898.03809,11408.59375,11601.47266,11601.47266,23132312867.0,37514,216260230000.0,0.10696517220047662
2020-08-08,11604.55371,11800.06445,11558.43164,11754.0459,11754.0459,17572057837.0,29019,215602770000.0,0.08150200254703573
2020-08-09,11737.3252,11806.05664,11548.78418,11675.73926,11675.73926,17489608833.0,25986,215475850000.0,0.08116737473301999
2020-08-10,11662.25684,12045.14063,11662.25684,11878.11133,11878.11133,26114112569.0,35606,219537980000.0,0.11895031737884963
2020-08-11,11881.64746,11932.71094,11195.70898,11410.52539,11410.52539,27039782640.0,33567,214842880000.0,0.12585840463730505
2020-08-12,11404.59668,11748.39648,11249.60547,11584.93457,11584.93457,25064548486.0,35237,211641220000.0,0.1184294267126179
2020-08-13,11588.40527,11796.39648,11216.87207,11784.1377,11784.1377,27522199497.0,30485,213264910000.0,0.12905170249496983
2020-08-14,11772.65918,12150.99414,11685.45508,11768.87109,11768.87109,24237958589.0,38124,217013960000.0,0.11168847621771112
2020-08-15,11768.69727,11963.20313,11768.69727,11865.69824,11865.69824,23354924400.0,39156,219312900000.0,0.10649134003458573
2020-08-16,11866.68555,11934.90137,11737.18848,11892.80371,11892.80371,20583375490.0,29007,218863700000.0,0.09404654899655275
2020-08-17,11895.6582,12359.05664,11806.69629,12254.40234,12254.40234,28227687027.0,40655,222545400000.0,0.1268401304672686
2020-08-18,12251.89551,12335.70703,11954.52539,11991.2334,11991.2334,26043227672.0,38262,224718200000.0,0.11589283166637701
2020-08-19,11990.88477,12028.92383,11687.33301,11758.2832,11758.2832,24502851117.0,36164,217955700000.0,0.11242124658696877
2020-08-20,11761.5,11900.41113,11710.06348,11878.37207,11878.37207,20175242945.0,33256,217916440000.0,0.09258247285827767
2020-08-21,11878.02637,11899.25977,11564.97949,11592.48926,11592.48926,23762425999.0,34177,217046380000.0,0.10948086529251852
2020-08-22,11585.47754,11689.40723,11448.80566,11681.8252,11681.8252,20224191306.0,27846,213549380000.0,0.09470498559857983
2020-08-23,11679.69629,11713.42969,11559.9209,11664.84766,11664.84766,18482062658.0,28557,214756770000.0,0.0860604425923363
2020-08-24,11663.68945,11807.63184,11623.25,11774.5957,11774.5957,20681511755.0,32820,216839300000.0,0.09537713441327515
2020-08-25,11773.58887,11778.29981,11189.85059,11366.13477,11366.13477,26301509932.0,36405,212799910000.0,0.12359737106838097
2020-08-26,11366.89453,11530.05273,11296.99316,11488.36328,11488.36328,22466660958.0,31857,210756850000.0,0.10659991089471495
2020-08-27,11485.6084,11570.78613,11185.94141,11323.39746,11323.39746,23240415076.0,32432,209757900000.0,0.11079637735305731
2020-08-28,11325.2959,11545.61523,11316.42285,11542.5,11542.5,19807127588.0,34517,211423000000.0,0.09368482777262177
2020-08-29,11541.05469,11585.64063,11466.29297,11506.86523,11506.86523,17485597759.0,26986,212701200000.0,0.08220732994187332
2020-08-30,11508.71387,11715.26465,11492.38184,11711.50586,11711.50586,19760127945.0,27893,214562640000.0,0.09209491612337044
2020-08-31,11713.30664,11768.87695,11598.31836,11680.82031,11680.82031,22285928250.0,29068,215976820000.0,0.10318666685644605
2020-09-01,11679.31641,12067.08106,11601.12891,11970.47852,11970.47852,27311555343.0,35393,219352190000.0,0.1245100663525238
2020-09-02,11964.82324,11964.82324,11290.79395,11414.03418,11414.03418,28037405299.0,32608,214109520000.0,0.13094889622732075
2020-09-03,11407.19141,11443.02246,10182.46484,10245.29688,10245.29688,31927261555.0,37151,204352800000.0,0.15623598871648475
2020-09-04,10230.36523,10663.91992,10207.94043,10511.81348,10511.81348,29965130374.0,34973,192063600000.0,0.15601670464693518
2020-09-05,10512.53027,10581.57129,9946.675781,10169.56738,10169.56738,44916565292.0,28115,189964780000.0,0.23644680558940698
2020-09-06,10167.2168,10353.92773,10056.88574,10280.35156,10280.35156,37071460174.0,23088,188596810000.0,0.19656461539480394
2020-09-07,10280.99805,10399.15332,9916.493164,10369.56348,10369.56348,33703098409.0,30832,187851050000.0,0.179413950377335
2020-09-08,10369.30664,10414.77539,9945.110352,10131.5166,10131.5166,33430927462.0,28540,187720730000.0,0.17808863046504353
2020-09-09,10134.15137,10350.54297,10017.25098,10242.34766,10242.34766,24128292755.0,30051,188345780000.0,0.1281063636714664
2020-09-10,10242.33008,10503.91211,10238.13574,10363.13867,10363.13867,54406443211.0,29885,191212830000.0,0.28453343327503666
2020-09-11,10369.02832,10434.92285,10140.83691,10400.91504,10400.91504,45201121775.0,30008,190578160000.0,0.23717891333714144
2020-09-12,10409.86133,10578.83789,10292.38672,10442.1709,10442.1709,36750077324.0,27451,191886160000.0,0.1915202042922107
2020-09-13,10452.39941,10577.21484,10224.33008,10323.75586,10323.75586,36506852789.0,27955,192347850000.0,0.18979600258061433
2020-09-14,10328.73438,10800.01074,10266.00879,10680.83789,10680.83789,35453581940.0,29947,194356720000.0,0.18241500094710136
2020-09-15,10677.75488,10938.63184,10656.45996,10796.95117,10796.95117,32509451925.0,34641,199285570000.0,0.16312998310214888
2020-09-16,10797.76172,11100.12402,10704.88477,10974.90527,10974.90527,30769986455.0,35407,201547960000.0,0.1526683129488165
2020-09-17,10973.25195,11037.4209,10774.62793,10948.99023,10948.99023,38151810523.0,33417,201552950000.0,0.18928926562482312
2020-09-18,10951.82031,11034.9082,10829.65723,10944.58594,10944.58594,26341903912.0,31357,202160880000.0,0.13030168692962749
2020-09-19,10933.75293,11134.09277,10909.61816,11094.34668,11094.34668,22764204008.0,29151,203782820000.0,0.11170816305039817
2020-09-20,11095.87012,11095.87012,10814.47754,10938.27148,10938.27148,24699523788.0,26571,202110650000.0,0.12220792913836713
2020-09-21,10934.92578,10988.30469,10380.26074,10462.25977,10462.25977,28884999244.0,32418,197754160000.0,0.14606519212983643
2020-09-22,10459.62402,10568.07715,10382.72656,10538.45996,10538.45996,23621787804.0,38132,193755480000.0,0.12191545651352628
2020-09-23,10539.45703,10637.84766,10185.77441,10225.86426,10225.86426,22986733997.0,47367,193213320000.0,0.11897075387781635
2020-09-24,10227.47949,10765.79492,10215.20508,10745.54883,10745.54883,23017536742.0,37643,193253750000.0,0.11910525102200567
2020-09-25,10747.47266,10757.54883,10594.04785,10702.29004,10702.29004,21232549821.0,38495,197569040000.0,0.10746901548909174
2020-09-26,10702.23731,10778.5,10682.08203,10754.4375,10754.4375,18105012128.0,25955,198396430000.0,0.09125674430851173
2020-09-27,10752.93945,10804.73242,10643.45801,10774.42676,10774.42676,18016880214.0,37113,198439300000.0,0.09079290110590103
2020-09-28,10771.6416,10949.12305,10716.67676,10721.32715,10721.32715,22720365389.0,34219,201441640000.0,0.11278882230342549
2020-09-29,10712.46289,10858.93945,10665.34473,10848.83008,10848.83008,20459870042.0,32020,198656340000.0,0.1029912743959919
2020-09-30,10845.41113,10856.52832,10689.6709,10787.61816,10787.61816,20759622010.0,33290,198944540000.0,0.1043487906407682
2020-10-01,10785.01074,10915.84375,10493.55273,10623.33008,10623.33008,27178227816.0,35755,199220430000.0,0.13642289588325593
2020-10-02,10624.39063,10662.81348,10440.31152,10585.16406,10585.16406,23127839259.0,32092,194956250000.0,0.11863092160496279
2020-10-03,10583.80664,10614.0918,10527.97852,10565.49316,10565.49316,17094010304.0,29374,195356750000.0,0.08750150665894112
2020-10-04,10567.91992,10700.79102,10531.34277,10684.42871,10684.42871,17546792792.0,31026,196382160000.0,0.08935023695101889
2020-10-05,10688.03418,10804.00098,10646.44336,10804.00098,10804.00098,19385191766.0,29324,198230260000.0,0.0977912837015264
2020-10-06,10799.77832,10803.45606,10565.19727,10621.66406,10621.66406,22264958686.0,30843,198409780000.0,0.112217041649626
2020-10-07,10619.80371,10687.26856,10591.96387,10679.13672,10679.13672,17634388529.0,34215,196670390000.0,0.08966468467678945
2020-10-08,10677.625,10939.79981,10569.82324,10923.62793,10923.62793,21962121001.0,42037,198756990000.0,0.110497351027275
2020-10-09,10927.91,11102.67,10846.85,11064.46,11064.46,22799117613.0,41653,203375740000.0,0.11210342855325733
2020-10-10,11059.14258,11442.21094,11056.94043,11296.36133,11296.36133,22877978588.0,37385,209854870000.0,0.10901809519852866
2020-10-11,11296.08203,11428.81348,11288.62793,11384.18164,11384.18164,19968627060.0,33070,210405600000.0,0.09490539486491138
2020-10-12,11392.64,11698.47,11240.69,11555.36,11555.36,26163972642.0,32811,211970670000.0,0.12343204165429222
2020-10-13,11548.72,11548.98,11321.22,11425.9,11425.9,24241420251.0,33789,212112600000.0,0.1142856183863823
2020-10-14,11429.04785,11539.97754,11307.83106,11429.50684,11429.50684,24103426719.0,87570,211259130000.0,0.11409413044269166
2020-10-15,11426.60254,11569.91406,11303.60352,11495.34961,11495.34961,24487233058.0,63222,211424310000.0,0.11582032676704408
2020-10-16,11502.82813,11540.06152,11223.0127,11322.12305,11322.12305,25635480772.0,36596,210561370000.0,0.12174826278773089
2020-10-17,11322.12305,11386.26172,11285.3457,11358.10156,11358.10156,19130430174.0,29771,210174720000.0,0.09102155572082053
2020-10-18,11355.98242,11483.35938,11347.57813,11483.35938,11483.35938,18283314340.0,26901,211757000000.0,0.08634101233365012
2020-10-19,11495.03809,11799.09277,11408.29004,11742.03711,11742.03711,23860769928.0,31375,214523400000.0,0.11122688882532057
2020-10-20,11745.97461,11999.91797,11681.48047,11916.33496,11916.33496,30915821592.0,37581,219427650000.0,0.14089300673285923
2020-10-21,11913.07715,13184.56641,11900.92871,12823.68945,12823.68945,43414712626.0,64870,230547060000.0,0.18831171432739235
2020-10-22,12801.63574,13161.59375,12717.09375,12965.8916,12965.8916,34729759598.0,43790,239498870000.0,0.1450101183538447
2020-10-23,12971.54883,13015.96191,12752.64746,12931.53906,12931.53906,28974975003.0,35777,239639720000.0,0.12091056739462303
2020-10-24,12931.57422,13145.06641,12885.74707,13108.0625,13108.0625,24542317940.0,32175,241312530000.0,0.10170345442097063
2020-10-25,13108.06348,13329.18359,12910.06152,13031.17383,13031.17383,24406920575.0,28445,241929830000.0,0.10088429580860815
2020-10-26,13031.20117,13225.29785,12822.38281,13075.24805,13075.24805,29461458313.0,36554,242188440000.0,0.12164684187966712
2020-10-27,13075.24219,13759.66895,13060.83789,13654.21875,13654.21875,33749878156.0,44889,247531340000.0,0.13634587921893637
2020-10-28,13654.21484,13837.69531,12932.25098,13271.28516,13271.28516,35867318895.0,36385,249277420000.0,0.143885152347206
2020-10-29,13271.29883,13612.04785,12980.05957,13437.88281,13437.88281,56499499598.0,36808,246799340000.0,0.22892889683407838
2020-10-30,13437.87402,13651.5166,13136.19824,13546.52246,13546.52246,30581485201.0,32806,248942600000.0,0.12284553219804187
2020-10-31,13546.53223,14028.21387,13457.53027,13780.99512,13780.99512,30306464719.0,49308,254568900000.0,0.1190501428696649
2020-11-01,13780.99512,13862.0332,13628.37793,13737.10938,13737.10938,24453857900.0,40439,255190960000.0,0.09582572236879154
2020-11-02,13737.03223,13808.32324,13243.16016,13550.48926,13550.48926,30771455468.0,32602,252042610000.0,0.122088307346286
2020-11-03,13550.45117,13984.98145,13325.44141,13950.30078,13950.30078,29869951617.0,36459,252248200000.0,0.11841492704625349
2020-11-04,13950.48828,14218.7666,13580.47168,14133.70703,14133.70703,35116364962.0,47315,257580350000.0,0.13633169129220626
2020-11-05,14133.7334,15706.4043,14102.08887,15579.84863,15579.84863,40856321439.0,60368,272571560000.0,0.14989209011620688
2020-11-06,15579.72949,15903.4375,15226.83984,15565.88086,15565.88086,39837841971.0,47823,288753600000.0,0.13796482510520483
2020-11-07,15565.88086,15737.0957,14423.20313,14833.75391,14833.75391,35024953706.0,33705,284614900000.0,0.12306086401534873
2020-11-08,14833.75391,15637.32031,14744.11035,15479.56738,15479.56738,26632075029.0,30699,281640000000.0,0.09456069489104374
2020-11-09,15479.5957,15785.13672,14865.5293,15332.31543,15332.31543,34149115566.0,35977,285166340000.0,0.11975156605002911
2020-11-10,15332.35059,15450.3291,15124.95996,15290.90234,15290.90234,25574938143.0,35104,284091150000.0,0.09002370451883117
2020-11-11,15290.90918,15916.26074,15290.00684,15701.33984,15701.33984,29772374934.0,39657,288949080000.0,0.10303675425941551
2020-11-12,15701.29883,16305.00391,15534.77148,16276.34375,16276.34375,34175758344.0,44220,295157760000.0,0.11578810716004892
2020-11-13,16276.44043,16463.17773,15992.15234,16317.80859,16317.80859,31599492172.0,48337,302039240000.0,0.10462048747994696
2020-11-14,16317.80859,16317.80859,15749.19336,16068.13867,16068.13867,27481710135.0,37293,297523180000.0,0.09236829816418417
2020-11-15,16068.13965,16123.11035,15793.53418,15955.58789,15955.58789,23653867583.0,33836,296705720000.0,0.0797216432412866
2020-11-16,15955.57715,16816.18164,15880.70606,16716.11133,16716.11133,31526766675.0,47177,303468400000.0,0.10388813244454521
2020-11-17,16685.69141,17782.91992,16564.54492,17645.40625,17645.40625,39006849170.0,74813,316616470000.0,0.12319905089058567
2020-11-18,17645.19141,18393.94922,17352.90625,17804.00586,17804.00586,49064800278.0,70679,331614500000.0,0.14795734888336126
2020-11-19,17803.86133,18119.54688,17382.55469,17817.08984,17817.08984,36985055355.0,43267,330884150000.0,0.11177644798404383
2020-11-20,17817.08398,18773.22656,17765.79492,18621.31445,18621.31445,36992873940.0,47903,339882380000.0,0.10884022361797979
2020-11-21,18621.31641,18936.62109,18444.35938,18642.23242,18642.23242,39650210707.0,45874,346998180000.0,0.1142663369568684
2020-11-22,18642.23242,18688.96875,17671.38477,18370.00195,18370.00195,41280434226.0,43581,341881950000.0,0.12074470353130783
2020-11-23,18370.01758,18711.42578,18000.79688,18364.12109,18364.12109,42741112308.0,47594,342148680000.0,0.12491970626281494
2020-11-24,18365.01563,19348.27148,18128.65625,19107.46484,19107.46484,51469565009.0,78971,349688000000.0,0.1471871048785255
2020-11-25,19104.41016,19390.96484,18581.14648,18732.12109,18732.12109,43710357371.0,46379,353717450000.0,0.12357421728838143
2020-11-26,18729.83984,18866.28516,16351.03516,17150.62305,17150.62305,61396835737.0,53237,323007640000.0,0.1900785846538903
2020-11-27,17153.91406,17445.02344,16526.42383,17108.40234,17108.40234,38886494645.0,44777,315359560000.0,0.1233084377859314
2020-11-28,17112.93359,17853.93945,16910.65234,17717.41406,17717.41406,32601040734.0,37071,321340960000.0,0.10145311148797236
2020-11-29,17719.63477,18283.62891,17559.11719,18177.48438,18177.48438,31133957704.0,33292,333932530000.0,0.09323427677522317
2020-11-30,18178.32227,19749.26367,18178.32227,19625.83594,19625.83594,47728480399.0,66042,350797000000.0,0.13605726316338262
2020-12-01,19633.76953,19845.97461,18321.92188,18802.99805,18802.99805,49633658712.0,60008,357750180000.0,0.13873832018291146
2020-12-02,18801.74414,19308.33008,18347.71875,19201.0918,19201.0918,37387697139.0,48309,351731880000.0,0.1062960161051976
2020-12-03,19205.92578,19566.19141,18925.78516,19445.39844,19445.39844,31930317405.0,44375,357870830000.0,0.08922302341195103
2020-12-04,19446.9668,19511.4043,18697.19336,18699.76563,18699.76563,33872388058.0,46085,355156920000.0,0.09537302053076871
2020-12-05,18698.38477,19160.44922,18590.19336,19154.23047,19154.23047,27242455064.0,39802,352692440000.0,0.07724139280201785
2020-12-06,19154.17969,19390.5,18897.89453,19345.12109,19345.12109,25293775714.0,39953,355521860000.0,0.07114548746737666
2020-12-07,19343.12891,19411.82813,18931.14258,19191.63086,19191.63086,26896357742.0,45372,356578560000.0,0.07542898231592655
2020-12-08,19191.5293,19283.47852,18269.94531,18321.14453,18321.14453,31692288756.0,46222,351920460000.0,0.09005526176295271
2020-12-09,18320.88477,18626.29297,17935.54688,18553.91602,18553.91602,34420373071.0,42250,339266080000.0,0.10145539279565922
2020-12-10,18553.29883,18553.29883,17957.06445,18264.99219,18264.99219,25547132265.0,37279,340043370000.0,0.07512904173213125
2020-12-11,18263.92969,18268.45313,17619.5332,18058.9043,18058.9043,27919640985.0,35891,333258720000.0,0.08377767594300685
2020-12-12,18051.32031,18919.55078,18046.04102,18803.65625,18803.65625,21752580802.0,38898,343010000000.0,0.06341675689979515
2020-12-13,18806.76563,19381.53516,18734.33203,19142.38281,19142.38281,25450468637.0,39491,355014930000.0,0.07168844508143565
2020-12-14,19144.49219,19305.09961,19012.70898,19246.64453,19246.64453,22473997681.0,38737,355952100000.0,0.06313770230159771
2020-12-15,19246.91992,19525.00781,19079.8418,19417.07617,19417.07617,26741982541.0,43739,359418230000.0,0.07440352240978212
2020-12-16,19418.81836,21458.9082,19298.31641,21310.59766,21310.59766,44409011479.0,127155,372509930000.0,0.1192156436034835
2020-12-17,21308.35156,23642.66016,21234.67578,22805.16211,22805.16211,71378606374.0,120169,419735700000.0,0.1700560768753063
2020-12-18,22806.79688,23238.60156,22399.8125,23137.96094,23137.96094,40387896275.0,67616,424886300000.0,0.09505577332517917
2020-12-19,23132.86523,24085.85547,22826.47266,23869.83203,23869.83203,38487546580.0,56872,433566740000.0,0.08876960020916344
2020-12-20,23861.76563,24209.66016,23147.71094,23477.29492,23477.29492,37844228422.0,62679,438289660000.0,0.08634524541020219
2020-12-21,23474.45508,24059.98242,22159.36719,22803.08203,22803.08203,45852713981.0,61296,432055100000.0,0.10612700767776533
2020-12-22,22794.03906,23789.90234,22430.60547,23783.0293,23783.0293,44171632681.0,45927,428868200000.0,0.10299582016584945
2020-12-23,23781.97461,24024.49023,22802.64648,23241.3457,23241.3457,51146161904.0,43942,437771370000.0,0.11683304425789838
2020-12-24,23240.20313,23768.33789,22777.59766,23735.94922,23735.94922,41080759713.0,42618,433049200000.0,0.09486395326314641
2020-12-25,23733.57031,24710.10156,23463.67383,24664.79102,24664.79102,42068395846.0,49739,446181740000.0,0.09428533803490372
2020-12-26,24677.01563,26718.07031,24522.68945,26437.03711,26437.03711,48332647295.0,72172,469229860000.0,0.10300420138448087
2020-12-27,26439.37305,28288.83984,25922.76953,26272.29492,26272.29492,66479895605.0,88788,502876470000.0,0.132199256476784
2020-12-28,26280.82227,27389.11133,26207.64063,27084.80859,27084.80859,49056742893.0,59779,501355770000.0,0.09784816579712256
2020-12-29,27081.81055,27370.7207,25987.29883,27362.4375,27362.4375,45265946774.0,56236,495803530000.0,0.09129815323944776
2020-12-30,27360.08984,28937.74023,27360.08984,28840.95313,28840.95313,51287442704.0,80886,522787230000.0,0.09810385600975174
2020-12-31,28841.57422,29244.87695,28201.99219,29001.7207,29001.7207,46754964848.0,68822,536723360000.0,0.08711185041155224
2021-01-01,28994.00977,29600.62695,28803.58594,29374.15234,29374.15234,40730301359.0,55480,543882800000.0,0.0748880107368494
2021-01-02,29376.45508,33155.11719,29091.18164,32127.26758,32127.26758,67865420765.0,145059,570728700000.0,0.11891012237298688
2021-01-03,32129.4082,34608.55859,32052.31641,32782.02344,32782.02344,78665235202.0,141596,621948000000.0,0.1264820178198298
2021-01-04,32810.94922,33440.21875,28722.75586,31971.91406,31971.91406,81163475344.0,82412,592273600000.0,0.13703713066483617
2021-01-05,31977.04102,34437.58984,30221.1875,33992.42969,33992.42969,67547324782.0,68133,599505760000.0,0.11267168524227829
2021-01-06,34013.61328,36879.69922,33514.03516,36824.36328,36824.36328,75289433811.0,86631,648035000000.0,0.11618112699019253
2021-01-07,36833.875,40180.36719,36491.19141,39371.04297,39371.04297,84762141031.0,125036,707107200000.0,0.11987169408299708
2021-01-08,39381.76563,41946.73828,36838.63672,40797.60938,40797.60938,88107519480.0,113560,739869500000.0,0.11908521249458942
2021-01-09,40788.64063,41436.35156,38980.875,40254.54688,40254.54688,61984162837.0,84725,751119040000.0,0.08252242253737639
2021-01-10,40254.21875,41420.19141,35984.62891,38356.44141,38356.44141,79980747690.0,74964,738824300000.0,0.10825408522653032
2021-01-11,38346.53125,38346.53125,30549.59961,35566.65625,35566.65625,123321000000.0,109316,638184100000.0,0.19323733463496992
2021-01-12,35516.35938,36568.52734,32697.97656,33922.96094,33922.96094,74773277909.0,83880,648350900000.0,0.11532840480186819
2021-01-13,33915.12109,37599.96094,32584.66797,37316.35938,37316.35938,69364315979.0,91811,644524540000.0,0.10762090763732846
2021-01-14,37325.10938,39966.40625,36868.5625,39187.32813,39187.32813,63615990033.0,106170,716031660000.0,0.08884522004804504
2021-01-15,39156.70703,39577.71094,34659.58984,36825.36719,36825.36719,67760757881.0,70388,697478700000.0,0.09715101001075983
2021-01-16,36821.64844,37864.36719,35633.55469,36178.14063,36178.14063,57706187875.0,62189,685739900000.0,0.08415171780786082
2021-01-17,36163.64844,36722.35156,34069.32031,35791.27734,35791.27734,52359854336.0,59161,663671300000.0,0.07889426025704516
2021-01-18,35792.23828,37299.28516,34883.84375,36630.07422,36630.07422,49511702429.0,69189,670595350000.0,0.07383245706970151
2021-01-19,36642.23438,37755.89063,36069.80469,36069.80469,36069.80469,57244195486.0,70173,685922840000.0,0.0834557354819892
2021-01-20,36050.11328,36378.32813,33570.47656,35547.75,35547.75,66834573161.0,61204,654460450000.0,0.10212163755429932
2021-01-21,35549.39844,35552.67969,30250.75,30825.69922,30825.69922,75643067688.0,79347,613453300000.0,0.12330696351782576
2021-01-22,30817.625,33811.85156,28953.37305,33005.76172,33005.76172,77207272511.0,79570,592637130000.0,0.13027748049843427
2021-01-23,32985.75781,33360.97656,31493.16016,32067.64258,32067.64258,48354737975.0,52802,601912440000.0,0.08033516925424354
2021-01-24,32064.37695,32944.00781,31106.68555,32289.37891,32289.37891,48643830599.0,50983,599973400000.0,0.081076641443888
2021-01-25,32285.79883,34802.74219,32087.78711,32366.39258,32366.39258,59897054838.0,63766,620759550000.0,0.09648994532624254
2021-01-26,32358.61328,32794.55078,31030.26563,32569.84961,32569.84961,60255421470.0,55828,596513850000.0,0.10101261108399122
2021-01-27,32564.0293,32564.0293,29367.13867,30432.54688,30432.54688,62576762015.0,60652,580192440000.0,0.10785518408730244
2021-01-28,30441.04102,31891.30078,30023.20703,31649.60547,31649.60547,78948162368.0,84933,591077500000.0,0.1335665144137911
2021-01-29,34318.67188,38406.26172,32064.81445,34316.38672,34316.38672,117895000000.0,200783,652078900000.0,0.1807986803252602
2021-01-30,34295.93359,34834.70703,32940.1875,34269.52344,34269.52344,65141828798.0,93578,633986600000.0,0.1027495335654952
2021-01-31,34270.87891,34288.33203,32270.17578,33114.35938,33114.35938,52754542671.0,68163,622728700000.0,0.08471512873125378
2021-02-01,33114.57813,34638.21484,32384.22852,33537.17578,33537.17578,61400400660.0,91439,627398540000.0,0.09786506760376112
2021-02-02,33533.19922,35896.88281,33489.21875,35510.28906,35510.28906,63088585433.0,80624,645814900000.0,0.09768834314882542
2021-02-03,35510.82031,37480.1875,35443.98438,37472.08984,37472.08984,61166818159.0,87809,680502400000.0,0.08988479052221611
2021-02-04,37475.10547,38592.17578,36317.5,36926.06641,36926.06641,68838074392.0,76348,698791200000.0,0.09851021491127872
2021-02-05,36931.54688,38225.90625,36658.76172,38144.30859,38144.30859,58598066402.0,97415,700268150000.0,0.0836794681243111
2021-02-06,38138.38672,40846.54688,38138.38672,39266.01172,39266.01172,71326033653.0,107331,741190200000.0,0.09623175418333817
2021-02-07,39250.19141,39621.83594,37446.15234,38903.44141,38903.44141,65500641143.0,77886,720772660000.0,0.09087559041097266
2021-02-08,38886.82813,46203.92969,38076.32422,46196.46484,46196.46484,101467000000.0,212923,762064140000.0,0.13314758478068164
2021-02-09,46184.99219,48003.72266,45166.96094,46481.10547,46481.10547,91809846886.0,159207,869423840000.0,0.10559849238874555
2021-02-10,46469.76172,47145.56641,43881.15234,44918.18359,44918.18359,87301089896.0,124292,852406300000.0,0.10241722686431888
2021-02-11,44898.71094,48463.46875,44187.76172,47909.33203,47909.33203,81388911810.0,115390,861270050000.0,0.09449871376163889
2021-02-12,47877.03516,48745.73438,46424.97656,47504.85156,47504.85156,76555041196.0,122503,886455400000.0,0.0863608490403954
2021-02-13,47491.20313,48047.74609,46392.28125,47105.51563,47105.51563,70250456155.0,93740,880503300000.0,0.07978443329052233
2021-02-14,47114.50781,49487.64063,47114.50781,48717.28906,48717.28906,71248675228.0,99797,904811200000.0,0.07874424684158274
2021-02-15,48696.53516,48875.57031,46347.47656,47945.05859,47945.05859,77069903166.0,101777,891498460000.0,0.08644984410471568
2021-02-16,47944.45703,50341.10156,47201.30469,49199.87109,49199.87109,77049582886.0,147792,910000700000.0,0.0846698045142662
2021-02-17,49207.27734,52533.91406,49072.37891,52149.00781,52149.00781,80820545404.0,147890,948281200000.0,0.08522845786900182
2021-02-18,52140.97266,52474.10547,51015.76563,51679.79688,51679.79688,52054723579.0,116096,967025160000.0,0.05382975076695836
2021-02-19,51675.98047,56113.65234,50937.27734,55888.13281,55888.13281,63495496918.0,150898,988641900000.0,0.06422497145204023
2021-02-20,55887.33594,57505.22656,54626.55859,56099.51953,56099.51953,68145460026.0,118093,1048588650000.0,0.06498779109125495
2021-02-21,56068.56641,58330.57031,55672.60938,57539.94531,57539.94531,51897585191.0,111638,1062609550000.0,0.04883975033405068
2021-02-22,57532.73828,57533.39063,48967.56641,54207.32031,54207.32031,92052420332.0,110348,1019917000000.0,0.09025481729058639
2021-02-23,54204.92969,54204.92969,45290.58984,48824.42578,48824.42578,106102000000.0,131691,912835540000.0,0.11623342321515044
2021-02-24,48835.08594,51290.13672,47213.5,49705.33203,49705.33203,63695521388.0,103733,927959700000.0,0.06864039767146754
2021-02-25,49709.08203,51948.96875,47093.85156,47093.85156,47093.85156,54506565949.0,82520,931775900000.0,0.05849750525870271
2021-02-26,47180.46484,48370.78516,44454.84375,46339.76172,46339.76172,350968000000.0,81742,869486170000.0,0.4036498954412825
2021-02-27,46344.77344,48253.26953,45269.02734,46188.45313,46188.45313,45910946382.0,66315,878454000000.0,0.05226334829756272
2021-02-28,46194.01563,46716.42969,43241.61719,45137.76953,45137.76953,53443887451.0,73439,835531300000.0,0.06396395547568645
2021-03-01,45159.50391,49784.01563,45115.09375,49631.24219,49631.24219,53891300112.0,89756,887034740000.0,0.060754441328064256
2021-03-02,49612.10547,50127.51172,47228.84375,48378.98828,48378.98828,47530897720.0,103342,906623200000.0,0.05242629826493376
2021-03-03,48415.81641,52535.13672,48274.32031,50538.24219,50538.24219,53220811975.0,94227,939771800000.0,0.05663163198190621
2021-03-04,50522.30469,51735.08984,47656.92969,48561.16797,48561.16797,52343816680.0,81460,921372460000.0,0.056810702521275944
2021-03-05,48527.03125,49396.42969,46542.51563,48927.30469,48927.30469,48625928883.0,70950,889568170000.0,0.054662397720201455
2021-03-06,48899.23047,49147.21875,47257.52734,48912.38281,48912.38281,34363564661.0,40281,906061000000.0,0.03792632489155667
2021-03-07,48918.67969,51384.36719,48918.67969,51206.69141,51206.69141,43137459378.0,68935,935995700000.0,0.046087240813282
2021-03-08,51174.11719,52314.07031,49506.05469,52246.52344,52246.52344,48597428048.0,81828,946935000000.0,0.05132076590645821
2021-03-09,52272.96875,54824.11719,51981.83203,54824.11719,54824.11719,50912227385.0,85849,1006482000000.0,0.05058433815758645
2021-03-10,54824.01172,57258.25391,53290.89063,56008.55078,56008.55078,57295577614.0,81908,1032397600000.0,0.05549758965634102
2021-03-11,55963.17969,58091.0625,54484.59375,57805.12109,57805.12109,56772343595.0,95858,1049378360000.0,0.054100928614428216
2021-03-12,57821.21875,57996.62109,55376.64844,57332.08984,57332.08984,55689944702.0,104787,1060175540000.0,0.05252898446900103
2021-03-13,57343.37109,61683.86328,56217.97266,61243.08594,61243.08594,60669829814.0,154790,1096262400000.0,0.05534243333888699
2021-03-14,61221.13281,61597.91797,59302.31641,59302.31641,59302.31641,43901225564.0,102059,1128089400000.0,0.03891644232239255
2021-03-15,59267.42969,60540.99219,55393.16406,55907.19922,55907.19922,66419369890.0,116563,1073660400000.0,0.06186254810183205
2021-03-16,55840.78516,56833.17969,53555.02734,56804.90234,56804.90234,59749798599.0,99951,1032545700000.0,0.05786649319906055
2021-03-17,56825.82813,58969.81641,54528.62891,58870.89453,58870.89453,60258313191.0,106258,1047147200000.0,0.0575452181931611
2021-03-18,58893.07813,60116.25,54253.57813,57858.92188,57858.92188,55746041000.0,106755,1091192750000.0,0.05108725382927354
2021-03-19,57850.44141,59498.375,56643.70313,58346.65234,58346.65234,49063873786.0,106380,1087358000000.0,0.04512209855718175
2021-03-20,58332.26172,60031.28516,58213.29688,58313.64453,58313.64453,50361731222.0,92396,1096737500000.0,0.04591958580051387
2021-03-21,58309.91406,58767.89844,56005.61719,57523.42188,57523.42188,51943414539.0,80437,1069364400000.0,0.04857410059274833
2021-03-22,57517.89063,58471.48047,54288.15625,54529.14453,54529.14453,56521454974.0,103950,1059977200000.0,0.05332327265829787
2021-03-23,54511.66016,55985.44141,53470.69531,54738.94531,54738.94531,56435023914.0,94277,1020809100000.0,0.055284600162443416
2021-03-24,54710.48828,57262.38281,52514.33203,52774.26563,52774.26563,70567223787.0,130216,1029146900000.0,0.06856866192816238
2021-03-25,52726.74609,53392.38672,50856.57031,51704.16016,51704.16016,67999812841.0,137938,972919540000.0,0.06989253500270841
2021-03-26,51683.01172,55137.3125,51579.85547,55137.3125,55137.3125,56652197978.0,137602,993128200000.0,0.05704419320245759
2021-03-27,55137.56641,56568.21484,54242.91016,55973.51172,55973.51172,47266542233.0,106231,1029912100000.0,0.04589376481468144
2021-03-28,55974.94141,56610.3125,55071.11328,55950.74609,55950.74609,47686580918.0,86361,1042283100000.0,0.04575204262352473
2021-03-29,55947.89844,58342.09766,55139.33984,57750.19922,57750.19922,57625587027.0,104638,1062404950000.0,0.05424069902650312
2021-03-30,57750.13281,59447.22266,57251.55078,58917.69141,58917.69141,54414116432.0,111290,1089310400000.0,0.04995280975815884
2021-03-31,58930.27734,59930.02734,57726.41797,58918.83203,58918.83203,65520826225.0,108145,1095926400000.0,0.059785789727020235
2021-04-01,58926.5625,59586.07031,58505.27734,59095.80859,59095.80859,61669163792.0,69301,1099121100000.0,0.05610770629553233
2021-04-02,59098.87891,60267.1875,58869.28125,59384.3125,59384.3125,58727860620.0,30540,1106599300000.0,0.05307057231051317
2021-04-03,59397.41016,60110.26953,57603.89063,57603.89063,57603.89063,59641344484.0,75450,1100431800000.0,0.05419813115143107
2021-04-04,57604.83984,58913.74609,57168.67578,58758.55469,58758.55469,50749662970.0,87528,1077553140000.0,0.04709713265414811
2021-04-05,58760.875,59891.29688,57694.82422,59057.87891,59057.87891,60706272115.0,44761,1084708160000.0,0.055965534677690956
2021-04-06,59171.93359,59479.57813,57646.80859,58192.35938,58192.35938,66058027988.0,32289,1091752400000.0,0.060506417318490345
2021-04-07,58186.50781,58731.14453,55604.02344,56048.9375,56048.9375,75645303584.0,86985,1064111440000.0,0.07108776463590998
2021-04-08,56099.91406,58338.73828,55879.08594,58323.95313,58323.95313,53053855641.0,104094,1067884300000.0,0.04968127777739321
2021-04-09,58326.5625,58937.04688,57807.86328,58245.00391,58245.00391,46655208546.0,102638,1087236900000.0,0.04291172162265297
2021-04-10,58253.77734,61276.66406,58038.70703,59793.23438,59793.23438,58238470525.0,110849,1118247700000.0,0.052080115839613174
2021-04-11,59846.23047,60790.55469,59289.79688,60204.96484,60204.96484,46280252580.0,94714,1116951000000.0,0.04143445126169323
2021-04-12,60175.94531,61253.03516,59589.875,59893.45313,59893.45313,51828688519.0,132176,1122868800000.0,0.046157386344053926
2021-04-13,59890.01953,63742.28516,59869.95703,63503.45703,63503.45703,69983454362.0,171108,1161057400000.0,0.060275619610543126
2021-04-14,63523.75391,64863.09766,61554.79688,63109.69531,63109.69531,77451779687.0,161204,1185186700000.0,0.06534985506158227
2021-04-15,63075.19531,63821.67188,62208.96484,63314.01172,63314.01172,60954381579.0,110223,1175194400000.0,0.05186748654805312
2021-04-16,63258.50391,63594.72266,60222.53125,61572.78906,61572.78906,84293007468.0,113640,1153396600000.0,0.07308241129988195
2021-04-17,61529.92188,62572.17578,60361.35156,60683.82031,60683.82031,66138759198.0,100583,1145470000000.0,0.05773940462908307
2021-04-18,60701.88672,61057.45703,52829.53516,56216.18359,56216.18359,97468872758.0,178464,1047943250000.0,0.093009686130848
2021-04-19,56191.58594,57520.05469,54368.59375,55724.26563,55724.26563,65344865159.0,122950,1053668100000.0,0.06201655558912295
2021-04-20,55681.79297,57062.14844,53448.04688,56473.03125,56473.03125,67849323955.0,112302,1037471650000.0,0.0653987260629976
2021-04-21,56471.12891,56757.97266,53695.46875,53906.08984,53906.08984,54926612466.0,96848,1036277100000.0,0.05300378764680641
2021-04-22,53857.10547,55410.23047,50583.8125,51762.27344,51762.27344,74798630778.0,108961,1005674100000.0,0.07437661024673452
2021-04-23,51739.80859,52120.79297,47714.66406,51093.65234,51093.65234,86668667320.0,132963,932437750000.0,0.09294847507148941
2021-04-24,51143.22656,51167.5625,48805.28516,50050.86719,50050.86719,49014494781.0,86049,935961170000.0,0.052368085953490066
2021-04-25,50052.83203,50506.01953,47159.48438,49004.25391,49004.25391,46117114240.0,81258,928155500000.0,0.04968684041948829
2021-04-26,49077.79297,54288.00391,48852.79688,54021.75391,54021.75391,58284039825.0,110552,990675660000.0,0.05883261484082037
2021-04-27,54030.30469,55416.96484,53319.1875,55033.11719,55033.11719,49448222757.0,102971,1020303600000.0,0.048464225810750654
2021-04-28,55036.63672,56227.20703,53887.91797,54824.70313,54824.70313,48000572955.0,97333,1024138200000.0,0.046869233304732645
2021-04-29,54858.08984,55115.84375,52418.02734,53555.10938,53555.10938,46088929780.0,96503,1007462600000.0,0.045747535129049215
2021-04-30,53568.66406,57900.71875,53129.60156,57750.17578,57750.17578,52395931985.0,92350,1033104500000.0,0.05071697084382112
2021-05-01,57714.66406,58448.33984,57052.27344,57828.05078,57828.05078,42836427360.0,99595,1080393800000.0,0.039648901739616146
2021-05-02,57825.86328,57902.59375,56141.90625,56631.07813,56631.07813,38177405335.0,78756,1063135700000.0,0.03591019119708803
2021-05-03,56620.27344,58973.30859,56590.87109,57200.29297,57200.29297,51713139031.0,89710,1082875900000.0,0.04775536960419797
2021-05-04,57214.17969,57214.17969,53191.42578,53333.53906,53333.53906,68564706967.0,87287,1034237400000.0,0.0662949419430815
2021-05-05,53252.16406,57911.36328,52969.05469,57424.00781,57424.00781,69241316747.0,93866,1044835340000.0,0.06627007562680302
2021-05-06,57441.30859,58363.31641,55382.50781,56396.51563,56396.51563,69523285106.0,84935,1065501070000.0,0.06524938113685146
2021-05-07,56413.95313,58606.63281,55321.84766,57356.40234,57356.40234,68434023376.0,103515,1062647500000.0,0.0643995526157648
2021-05-08,57352.76563,59464.61328,56975.21094,58803.77734,58803.77734,65382980634.0,82542,1094685200000.0,0.05972765403108883
2021-05-09,58877.39063,59210.88281,56482.00391,58232.31641,58232.31641,65906690347.0,62002,1084534800000.0,0.06076954776187562
2021-05-10,58250.87109,59519.35547,54071.45703,55859.79688,55859.79688,71776546298.0,74446,1080529850000.0,0.06642717602446661
2021-05-11,55847.24219,56872.54297,54608.65234,56704.57422,56704.57422,61308396325.0,72974,1044828000000.0,0.05867798006018545
2021-05-12,56714.53125,57939.36328,49150.53516,49150.53516,49150.53516,75215403907.0,104572,1046928300000.0,0.07184389260096405
2021-05-13,49735.43359,51330.84375,46980.01953,49716.19141,49716.19141,96721152926.0,249599,932636600000.0,0.1037072252523391
2021-05-14,49682.98047,51438.11719,48868.57813,49880.53516,49880.53516,55737497453.0,120644,938962200000.0,0.0593607474578447
2021-05-15,49855.49609,50639.66406,46664.14063,46760.1875,46760.1875,59161047474.0,95522,914494000000.0,0.06469265808682745
2021-05-16,46716.63672,49720.04297,43963.35156,46456.05859,46456.05859,64047871555.0,148557,893250200000.0,0.07170205318652285
2021-05-17,46415.89844,46623.55859,42207.28906,43537.51172,43537.51172,74903638450.0,184558,829643700000.0,0.09028410596511406
2021-05-18,43488.05859,45812.45703,42367.83203,42909.40234,42909.40234,56187365084.0,120021,826971400000.0,0.06794354165899413
2021-05-19,42944.97656,43546.11719,30681.49609,37002.44141,37002.44141,126358000000.0,363566,732571700000.0,0.1724855061849082
2021-05-20,36753.66797,42462.98438,35050.61719,40782.73828,40782.73828,88281943359.0,173415,745332600000.0,0.11844637249906455
2021-05-21,40596.94922,42172.17188,33616.45313,37304.69141,37304.69141,82051616861.0,185009,732457600000.0,0.11202234364925817
2021-05-22,37371.03125,38831.05469,35383.68359,37536.63281,37536.63281,57377273240.0,174133,702150150000.0,0.0817165294283399
2021-05-23,37531.44922,38289.21875,31227.33984,34770.58203,34770.58203,78469274361.0,160368,656715740000.0,0.11948742689617373
2021-05-24,34700.36328,39835.14063,34551.08203,38705.98047,38705.98047,67359584098.0,151342,692759900000.0,0.09723366678303683
2021-05-25,38795.78125,39776.35156,36581.42969,38402.22266,38402.22266,56211915803.0,107640,712863200000.0,0.07885372233061574
2021-05-26,38392.625,40782.07813,37905.83594,39294.19922,39294.19922,51346735160.0,114558,734734250000.0,0.06988477109222843
2021-05-27,39316.89063,40379.61719,37247.90234,38436.96875,38436.96875,43210968721.0,100263,726544700000.0,0.05947462004086024
2021-05-28,38507.08203,38856.96875,34779.03906,35697.60547,35697.60547,55200191952.0,104815,685620000000.0,0.08051134990997935
2021-05-29,35684.15625,37234.5,33693.92969,34616.06641,34616.06641,45231013335.0,98843,660212700000.0,0.06850976177415605
2021-05-30,34607.40625,36400.66797,33520.73828,35678.12891,35678.12891,31646080921.0,109381,664252200000.0,0.04764166615971302
2021-05-31,35658.59375,37468.25,34241.94531,37332.85547,37332.85547,39009847639.0,101203,676917100000.0,0.057628694195845424
2021-06-01,37293.79297,37896.73438,35787.08594,36684.92578,36684.92578,34639423297.0,105694,685277250000.0,0.05054804215440435
2021-06-02,36699.92188,38231.33984,35966.30859,37575.17969,37575.17969,33070867190.0,92542,698342600000.0,0.047356223885609824
2021-06-03,37599.41016,39478.95313,37243.97266,39208.76563,39208.76563,35460750427.0,88708,721683500000.0,0.04913615370369511
2021-06-04,39242.48438,39242.48438,35717.72266,36894.40625,36894.40625,41831090187.0,184618,695083340000.0,0.06018140277536167
2021-06-05,36880.15625,37917.71484,34900.41406,35551.95703,35551.95703,35959473399.0,174730,685563100000.0,0.052452462038162714
2021-06-06,35538.60938,36436.42188,35304.57813,35862.37891,35862.37891,28913440585.0,211698,673343600000.0,0.04294009844242526
2021-06-07,35835.26563,36790.57031,33480.64063,33560.70703,33560.70703,33683936663.0,172116,672150450000.0,0.05011368578108418
2021-06-08,33589.51953,34017.38672,31114.44336,33472.63281,33472.63281,49902050442.0,187281,615783460000.0,0.081038308563939
2021-06-09,33416.97656,37537.37109,32475.86523,37345.12109,37345.12109,53972919008.0,297825,652449550000.0,0.08272351374759997
2021-06-10,37389.51563,38334.32422,35847.59375,36702.59766,36702.59766,43576032854.0,192780,692877200000.0,0.06289142292898676
2021-06-11,36697.03125,37608.69531,36044.44922,37334.39844,37334.39844,38699736985.0,145724,692902500000.0,0.055851634693903786
2021-06-12,37340.14453,37408.92578,34728.19141,35552.51563,35552.51563,37924228550.0,133446,669294000000.0,0.056663033624537555
2021-06-13,35555.78906,39322.78125,34864.10938,39097.85938,39097.85938,40669112838.0,149747,681281600000.0,0.059695012641397545
2021-06-14,39016.96875,40978.36328,38757.28516,40218.47656,40218.47656,43148914673.0,173293,743028360000.0,0.05807169287766573
2021-06-15,40427.16797,41295.26953,39609.46875,40406.26953,40406.26953,46420149185.0,139190,753240240000.0,0.06162728231923239
2021-06-16,40168.69141,40516.77734,38176.03516,38347.0625,38347.0625,39211635100.0,116771,738639150000.0,0.053086321028871404
2021-06-17,38341.42188,39513.67188,37439.67578,38053.50391,38053.50391,37096670047.0,122733,723389400000.0,0.05128174526255235
2021-06-18,38099.47656,38187.26172,35255.85547,35787.24609,35787.24609,36200887275.0,125163,693409940000.0,0.052207049849041155
2021-06-19,35854.52734,36457.79688,34933.0625,35615.87109,35615.87109,31207279719.0,98521,670039000000.0,0.046575317258580926
2021-06-20,35563.14063,36059.48438,33432.07422,35698.29688,35698.29688,36664034054.0,100940,657384600000.0,0.055772577955950954
2021-06-21,35641.14453,35721.64063,31295.93555,31676.69336,31676.69336,52809038594.0,153833,621724040000.0,0.08493967595448514
2021-06-22,31622.37695,33292.45313,28893.62109,32505.66016,32505.66016,58964353058.0,153834,599911100000.0,0.09828848410126494
2021-06-23,32515.71484,34753.41016,31772.63281,33723.02734,33723.02734,46317108925.0,125027,632425100000.0,0.0732373049058974
2021-06-24,33682.80078,35228.85156,32385.21484,34662.4375,34662.4375,33123368116.0,105656,632484270000.0,0.052370264206442606
2021-06-25,34659.10547,35487.24609,31350.88477,31637.7793,31637.7793,40230904226.0,154086,625547000000.0,0.0643131580087955
2021-06-26,31594.66406,32637.58789,30184.50195,32186.27734,32186.27734,38585385521.0,105096,590174750000.0,0.06537959410805715
2021-06-27,32287.52344,34656.12891,32071.75781,34649.64453,34649.64453,35511640894.0,122259,619794800000.0,0.05729580391235601
2021-06-28,34679.12109,35219.89063,33902.07422,34434.33594,34434.33594,33892523752.0,128407,646150400000.0,0.05245299325101241
2021-06-29,34475.55859,36542.10938,34252.48438,35867.77734,35867.77734,37901460044.0,120506,666249600000.0,0.0568877796726206
2021-06-30,35908.38672,36074.75781,34086.15234,35040.83594,35040.83594,34059036099.0,110739,654769460000.0,0.05201683712260256
2021-07-01,35035.98438,35035.98438,32883.78125,33572.11719,33572.11719,37838957079.0,110932,632314300000.0,0.05984200454704147
2021-07-02,33549.60156,33939.58984,32770.67969,33897.04688,33897.04688,38728974942.0,101685,623960600000.0,0.06206958527342749
2021-07-03,33854.42188,34909.26172,33402.69531,34668.54688,34668.54688,24383958643.0,92900,642980640000.0,0.03792331684544645
2021-07-04,34665.56641,35937.56641,34396.47656,35287.78125,35287.78125,24924307911.0,85810,661245400000.0,0.03769297767753953
2021-07-05,35284.34375,35284.34375,33213.66016,33746.00391,33746.00391,26721554282.0,88486,639324800000.0,0.04179652503640389
2021-07-06,33723.50781,35038.53516,33599.91797,34235.19531,34235.19531,26501259870.0,95429,640354600000.0,0.041385287521899024
2021-07-07,34225.67969,34997.66406,33839.28906,33855.32813,33855.32813,24796027477.0,111493,647948200000.0,0.03826853326288632
2021-07-08,33889.60547,33907.90625,32133.18359,32877.37109,32877.37109,29910396946.0,108695,616834600000.0,0.04849014160046321
2021-07-09,32861.67188,34042.29297,32318.88086,33798.01172,33798.01172,27436021028.0,98121,621870250000.0,0.04411856161048239
2021-07-10,33811.24219,34209.07031,33116.01172,33520.51953,33520.51953,22971873468.0,85014,632067400000.0,0.03634402561714201
2021-07-11,33509.07813,34584.70313,33346.73828,34240.1875,34240.1875,20108729370.0,70863,633776700000.0,0.03172841368941314
2021-07-12,34254.01563,34592.15625,32697.30859,33155.84766,33155.84766,24321499537.0,98470,632055300000.0,0.0384800203308464
2021-07-13,33125.46875,33327.10156,32261.41992,32702.02539,32702.02539,19120856669.0,141201,616217400000.0,0.031029401841504066
2021-07-14,32723.8457,33061.39844,31639.125,32822.34766,32822.34766,21376531210.0,98812,609375750000.0,0.03507939276676363
2021-07-15,32827.875,33159.64063,31175.70898,31780.73047,31780.73047,21300524237.0,92346,602284360000.0,0.035366225097256704
2021-07-16,31841.55078,32218.40625,31100.67383,31421.53906,31421.53906,23699476918.0,86926,595575770000.0,0.03979254736267384
2021-07-17,31397.30859,31935.94531,31223.99023,31533.06836,31533.06836,18895018942.0,73357,591956100000.0,0.03191962967286363
2021-07-18,31533.88477,32398.99609,31215.49219,31796.81055,31796.81055,18787986667.0,75089,595880900000.0,0.03152976808495949
2021-07-19,31800.01172,31885.85938,30563.73438,30817.83203,30817.83203,20434789545.0,83081,585115000000.0,0.03492440011663512
2021-07-20,30838.28516,31006.1875,29360.95508,29807.34766,29807.34766,23148267245.0,102358,559789800000.0,0.04135171548167417
2021-07-21,29796.28516,32752.32617,29526.18359,32110.69336,32110.69336,28203024559.0,150305,584867250000.0,0.048221240889301055
2021-07-22,32138.87305,32576.40039,31745.29883,32313.10547,32313.10547,19555230518.0,106901,602834530000.0,0.03243880269311923
2021-07-23,32305.95898,33581.55078,32057.89258,33581.55078,33581.55078,22552046192.0,87678,609373500000.0,0.037008575949833034
2021-07-24,33593.73047,34490.39063,33424.85938,34292.44531,34292.44531,21664706865.0,97003,635163300000.0,0.03410887633357838
2021-07-25,34290.29297,35364.92578,33881.83594,35350.1875,35350.1875,20856685287.0,83272,644586000000.0,0.03235671404122292
2021-07-26,35384.03125,40499.67578,35287.3125,37337.53516,37337.53516,51022126212.0,184548,718520400000.0,0.07100999114164123
2021-07-27,37276.03516,39406.94141,36441.72656,39406.94141,39406.94141,35097370560.0,128220,706832200000.0,0.04965446112893858
2021-07-28,39503.1875,40816.07031,38862.4375,39995.90625,39995.90625,38702404695.0,133752,747980600000.0,0.05174252563133174
2021-07-29,39995.45313,40593.07031,39352.05859,40008.42188,40008.42188,27167146027.0,106512,748021940000.0,0.036318648646675555
2021-07-30,40027.48438,42235.54688,38397.35547,42235.54688,42235.54688,33072782960.0,93955,743541100000.0,0.04448009987508607
2021-07-31,42196.30469,42231.44922,41110.83203,41626.19531,41626.19531,25802845343.0,88543,781349100000.0,0.0330234533600248
2021-08-01,41460.84375,42541.67969,39540.94141,39974.89453,39974.89453,26688438115.0,103030,779359900000.0,0.034244049287591054
2021-08-02,39907.26172,40419.17969,38746.34766,39201.94531,39201.94531,25595265436.0,118549,743284870000.0,0.0344353377418091
2021-08-03,39178.40234,39750.03125,37782.05078,38152.98047,38152.98047,26189830450.0,103494,722313150000.0,0.03625827722114177
2021-08-04,38213.33203,39952.29688,37589.16406,39747.50391,39747.50391,25372562724.0,97689,726838000000.0,0.034908139219438035
2021-08-05,39744.51563,41341.93359,37458.00391,40869.55469,40869.55469,35185031017.0,95549,740113900000.0,0.047540021408017545
2021-08-06,40865.86719,43271.66016,39932.17969,42816.5,42816.5,38226483046.0,104769,776120800000.0,0.049253262728736244
2021-08-07,42832.79688,44689.85938,42618.56641,44555.80078,44555.80078,40030862141.0,110473,817356140000.0,0.04897603376876964
2021-08-08,44574.4375,45282.35156,43331.91016,43798.11719,43798.11719,36302664750.0,97178,832429500000.0,0.04361049816042023
2021-08-09,43791.92578,46456.83203,42848.6875,46365.40234,46365.40234,38734079049.0,121767,842628200000.0,0.04596817307356132
2021-08-10,46280.84766,46637.98828,44705.55469,45585.03125,45585.03125,33546019517.0,113397,856262100000.0,0.03917727868194876
2021-08-11,45599.70313,46735.63281,45351.71094,45593.63672,45593.63672,34319709073.0,99731,865432700000.0,0.03965612706501021
2021-08-12,45576.87891,46228.91016,43861.44531,44428.28906,44428.28906,33723620826.0,98097,843915400000.0,0.03996090250625516
2021-08-13,44439.69141,47831.97656,44282.41797,47793.32031,47793.32031,31744259539.0,98133,866611900000.0,0.036630307031180864
2021-08-14,47810.6875,48098.68359,46177.63281,47096.94531,47096.94531,31211354442.0,81771,884731600000.0,0.03527776573301515
2021-08-15,47096.66797,47357.10547,45579.58984,47047.00391,47047.00391,30988958446.0,77118,871968700000.0,0.03553907327519448
2021-08-16,47019.96094,47998.09766,45700.32031,46004.48438,46004.48438,32776876610.0,99378,881413000000.0,0.037186740741397974
2021-08-17,45936.45703,47139.57031,44512.41797,44695.35938,44695.35938,33451362600.0,98097,863609160000.0,0.038734376801185154
2021-08-18,44686.75,45952.0625,44364.02734,44801.1875,44801.1875,32194123075.0,96506,847906200000.0,0.03796896720793865
2021-08-19,44741.88281,46970.76172,43998.31641,46717.57813,46717.57813,37204312299.0,102697,849347800000.0,0.043803388990850664
2021-08-20,46723.12109,49342.15234,46650.70703,49339.17578,49339.17578,34706867452.0,113364,897321860000.0,0.038678281401369544
